Model,MinTotalImprovement,MedianTotalImprovement,MaxTotalImprovement
Flow-Efficient_Likelihood,0.8999999999999999,15.0,54.0
Combined-AVG-DeepSVDD_MSE-Flow,0.7999999999999999,10.0,97.0
Combined-AND-DeepSVDD_MSE-Flow,0.31622776601683794,9.5,79.0
Combined-AND-VAE_beta1_z21-Flow,0.09999999999999999,6.5,66.0
Combined-OR-DeepSVDD_MSE-Flow,0.5,6.25,31.0
Flow-Efficient-No-E_Likelihood,0.31622776601683794,6.213594362117866,53.0
Combined-OR-VAE_beta1_z21-Flow,0.3,6.1499999999999995,22.0
Combined-PROD-VAE_beta1_z21-Flow,0.09999999999999999,6.0,69.0
Combined-AVG-VAE_beta1_z21-Flow,0.09999999999999999,6.0,69.0
Combined-PROD-DeepSVDD_MSE-Flow,0.0,5.2177581392778265,24.0
DeepSet Fixed target KL weight_1.0,0.027777777777777783,3.4602158740154705,16.906776618096718
DeepSet Fixed target KL weight_10.0,0.08333333333333333,3.305589510578859,18.806492372866877
ALAD_ld10_lr1e-5_bs500_epoch2000_enc512_F_sc,0.19444444444444445,2.164455462210592,14.627
DAGMM_10_1e-07_1000_0.001_0.01_50_15_8,0.0,1.9250715034502512,6.512162420992147
DAGMM_10_1e-07_1000_0.01_0.01_50_15_8,0.0,1.920251230760539,6.512162420992147
LS_VAE_20_0.001_10000,0.0,1.8953412991692498,22.382603645308414
ALAD_ld10_lr1e-5_bs5000_epoch2000_enc512_F_sc,0.27777777777777785,1.8802374973089142,17.40318750960865
ALAD_ld10_lr1e-5_bs1000_epoch2000_enc512_F_sc,0.03215434083601286,1.8000645609798465,15.838
VAE-dynamic-beta1-z13_Radius,0.0,1.7999999999999998,28.000000000000004
DAGMM_10_1e-07_1000_0.001_0.01_50_10_8,0.0,1.713171714018539,5.860946178892933
DAGMM_10_1e-07_1000_0.01_0.01_50_10_8,0.0,1.7111058828658052,5.860946178892933
LS_OR_20_0.001_10000,0.0,1.695220251529127,35.06990997893124
ALAD_ld10_lr1e-5_bs100_epoch2000_enc512_F_sc,0.27777777777777785,1.6810703638603008,18.202627218530605
LS_Average_20_0.001_10000,0.0,1.6774813105332003,32.47809227720743
LS_Product_20_0.001_10000,0.0,1.6744542269033433,32.47809227720743
DAGMM_10_1e-07_1000_0.001_0.01_50_10_4,0.0,1.670737793959518,6.090787205516185
DAGMM_10_1e-07_1000_0.01_0.01_50_10_4,0.0,1.663407740434436,6.090787205516185
DeepSVDD_C10_d13,0.7000000000000001,1.65,13.597793938724031
DeepSVDD_C2_d13,0.7000000000000001,1.65,13.597793938724031
DeepSVDD_C3_d13,0.7000000000000001,1.65,13.597793938724031
DeepSVDD_Reduced_d13,0.7000000000000001,1.65,13.597793938724031
DeepSVDD_C1_d13,0.7000000000000001,1.65,13.597793938724031
DeepSVDD_C25_d13,0.7000000000000001,1.65,13.597793938724031
DeepSVDD_C4_d13,0.7000000000000001,1.65,13.597793938724031
DeepSVDD_C0_d13,0.7000000000000001,1.65,13.597793938724031
ALAD_ld10_lr1e-5_bs20000_epoch2000_enc512_F_sc,0.055555555555555566,1.6214635039330136,17.932
DeepSVDD_C3_d5,0.6,1.5999999999999999,14.000000000000002
DeepSVDD_C1_d144,0.6,1.5999999999999999,13.281566172707194
DeepSVDD_Reduced_d34,0.6,1.5999999999999999,12.965338406690355
DeepSVDD_C2_d144,0.6,1.5999999999999999,13.281566172707194
DeepSVDD_C2_d5,0.6,1.5999999999999999,14.000000000000002
DeepSVDD_C2_d34,0.6,1.5999999999999999,12.965338406690355
DeepSVDD_C0_d34,0.6,1.5999999999999999,12.965338406690355
DeepSVDD_C0_d5,0.6,1.5999999999999999,14.000000000000002
DeepSVDD_C1_d5,0.6,1.5999999999999999,14.000000000000002
DeepSVDD_Reduced_d5,0.6,1.5999999999999999,14.000000000000002
DeepSVDD_Reduced_d144,0.6,1.5999999999999999,13.281566172707194
DeepSVDD_C1_d34,0.6,1.5999999999999999,12.965338406690355
DeepSVDD_C4_d5,0.6,1.5999999999999999,14.000000000000002
DeepSVDD_C3_d34,0.6,1.5999999999999999,12.965338406690355
DeepSVDD_C25_d34,0.6,1.5999999999999999,12.965338406690355
DeepSVDD_C10_d34,0.6,1.5999999999999999,12.965338406690355
DeepSVDD_C25_d5,0.6,1.5999999999999999,14.000000000000002
DeepSVDD_C10_d5,0.6,1.5999999999999999,14.000000000000002
DeepSVDD_C4_d144,0.6,1.5999999999999999,13.281566172707194
DeepSVDD_C4_d34,0.6,1.5999999999999999,12.965338406690355
DeepSVDD_C10_d144,0.6,1.5999999999999999,13.281566172707194
DeepSVDD_C0_d144,0.6,1.5999999999999999,13.281566172707194
DeepSVDD_C3_d144,0.6,1.5999999999999999,13.281566172707194
DeepSVDD_C25_d144,0.6,1.5999999999999999,13.281566172707194
LS_VAE_30_0.001_10000,0.0,1.591747829446331,22.294579582455466
VAE_PlanarFlow,0.12349309026756836,1.5862074953978673,3.448916037848844
DAGMM_10_1e-07_1000_0.001_0.001_50_15_8,0.0,1.5787290047185967,6.550469258762689
DAGMM_10_1e-07_1000_0.01_0.001_50_15_8,0.0,1.5759745631816182,6.550469258762689
LS_AND_20_0.001_10000,0.0,1.5745808001735087,27.093831673527962
ALAD_ld40_lr1e-5_bs1000_epoch2000_enc512_F_sc,0.19444444444444445,1.5423019874267971,18.337999999999997
DAGMM_10_1e-07_1000_0.001_0.001_50_10_4,0.0,1.5337958980246633,6.109940624401456
DAGMM_10_1e-07_1000_0.01_0.001_50_10_4,0.0,1.5246333311183111,6.109940624401456
DAGMM_10_1e-06_1000_0.001_0.01_50_10_4,0.0,1.5016552553519176,8.676498755027772
DeepSVDD_C1_d89,0.6,1.5,9.1706052144883
DeepSVDD_Reduced_d89,0.6,1.5,9.1706052144883
DeepSVDD_C10_d89,0.6,1.5,9.1706052144883
DeepSVDD_C25_d89,0.6,1.5,9.1706052144883
DeepSVDD_C2_d89,0.6,1.5,9.1706052144883
DeepSVDD_C4_d89,0.6,1.5,9.1706052144883
DeepSVDD_C3_d89,0.6,1.5,9.1706052144883
DeepSVDD_C0_d89,0.6,1.5,9.1706052144883
DeepSVDD_C0_d21,0.6324555320336759,1.4999999999999998,13.281566172707194
DeepSVDD_Reduced_d55,0.6,1.4999999999999998,13.597793938724031
DeepSVDD_Reduced_d21,0.6324555320336759,1.4999999999999998,13.281566172707194
DeepSVDD_C0_d55,0.6,1.4999999999999998,13.597793938724031
DeepSVDD_C25_d55,0.6,1.4999999999999998,13.597793938724031
DeepSVDD_C2_d55,0.6,1.4999999999999998,13.597793938724031
DeepSVDD_C2_d21,0.6324555320336759,1.4999999999999998,13.281566172707194
DeepSVDD_C4_d55,0.6,1.4999999999999998,13.597793938724031
DeepSVDD_C1_d21,0.6324555320336759,1.4999999999999998,13.281566172707194
DeepSVDD_C1_d55,0.6,1.4999999999999998,13.597793938724031
DeepSVDD_C4_d21,0.6324555320336759,1.4999999999999998,13.281566172707194
DeepSVDD_C3_d21,0.6324555320336759,1.4999999999999998,13.281566172707194
DeepSVDD_C25_d21,0.6324555320336759,1.4999999999999998,13.281566172707194
DeepSVDD_C10_d21,0.6324555320336759,1.4999999999999998,13.281566172707194
DeepSVDD_C10_d55,0.6,1.4999999999999998,13.597793938724031
DeepSVDD_C3_d55,0.6,1.4999999999999998,13.597793938724031
LS_VAE_20_0.001_1000,0.0,1.4986595726294922,22.352039839111278
DAGMM_10_1e-06_1000_0.01_0.01_50_10_4,0.0,1.4916029142898597,8.676498755027772
LS_Average_20_0.001_1000,0.0,1.4852114914660355,46.17889293238843
LS_Product_20_0.001_1000,0.0,1.4845228810817908,46.19804635127371
DAGMM_10_1e-07_1000_0.001_0.001_50_10_8,0.0,1.447573593666112,5.918406435548745
DAGMM_10_1e-07_1000_0.01_0.01_50_15_4,0.0,1.4473089789793716,6.4355487454510625
DAGMM_10_1e-07_1000_0.001_0.01_50_15_4,0.0,1.4473089789793716,6.4355487454510625
DAGMM_10_1e-07_1000_0.01_0.001_50_10_8,0.0,1.446196372897623,5.918406435548745
DAGMM_20_1e-06_500_0.01_0.001_50_15_8,0.0,1.4435638157712603,6.591790369142993
DAGMM_20_1e-06_500_0.001_0.001_50_15_8,0.0,1.4419000252754568,6.588715601031756
DeepSVDD_C25_d233,0.6,1.4324555320336758,10.435516278555653
DeepSVDD_C4_d233,0.6,1.4324555320336758,10.435516278555653
DeepSVDD_C0_d233,0.6,1.4324555320336758,10.435516278555653
DeepSVDD_C1_d233,0.6,1.4324555320336758,10.435516278555653
DeepSVDD_Reduced_d233,0.6,1.4324555320336758,10.435516278555653
DeepSVDD_C3_d233,0.6,1.4324555320336758,10.435516278555653
DeepSVDD_C10_d233,0.6,1.4324555320336758,10.435516278555653
DeepSVDD_C2_d233,0.6,1.4324555320336758,10.435516278555653
LS_AND_20_0.001_1000,0.0,1.4276014259039211,46.7918023367171
ALAD_ld40_lr1e-5_bs500_epoch2000_enc512_F_sc,0.12861736334405144,1.4269955924622266,21.241523035137767
KDE_PCA_D=10,0.0,1.4235055724417425,9.106881405563687
DAGMM_10_1e-06_1000_0.001_0.01_50_15_8,0.0,1.401848671599411,9.158178292932186
DeepSVDD_C2_d8,0.6,1.4,18.0
DeepSVDD_C25_d8,0.6,1.4,18.0
DeepSVDD_C4_d8,0.6,1.4,18.0
DeepSVDD_C3_d8,0.6,1.4,18.0
DeepSVDD_C10_d8,0.6,1.4,18.0
DeepSVDD_C0_d8,0.6,1.4,18.0
DeepSVDD_Reduced_d8,0.6,1.4,18.0
DeepSVDD_C1_d8,0.6,1.4,18.0
DAGMM_10_1e-06_1000_0.001_0.01_50_10_8,0.0,1.3898551572822802,8.408350890633976
DAGMM_10_1e-06_1000_0.01_0.01_50_15_8,0.0,1.386094229355742,8.944646619421567
DAGMM_10_1e-06_1000_0.01_0.01_50_10_8,0.0,1.3852463313806784,8.408350890633976
DAGMM_20_1e-06_1000_0.01_0.001_100_15_4,0.0,1.384549651970429,6.632958097743462
KDE_PCA_D=7,0.0,1.3722490290690832,16.03221083455344
DAGMM_20_1e-06_500_0.01_0.001_50_15_4,0.0,1.3708755463014772,6.590594625988624
LS_OR_30_0.001_10000,0.0,1.3691706758480766,40.37540701015131
DAGMM_10_1e-07_1000_0.001_0.001_50_15_4,0.0,1.3682291604677566,6.4355487454510625
LS_OR_20_0.001_1000,0.0,1.3668555807868092,38.97720743152653
DAGMM_10_1e-07_1000_0.01_0.001_50_15_4,0.0,1.3647861085465336,6.4355487454510625
DAGMM_20_1e-06_500_0.001_0.001_50_15_4,0.0,1.3512677031642224,6.5916195486923685
ALAD_ld10_lr1e-5_bs5000_epoch2000_enc512_L_1,0.0,1.340181619660315,24.26864688445069
LS_Average_30_0.001_10000,0.0,1.3220271921506623,30.281555257613483
KDE_PCA_D=9,0.0,1.314285714285714,12.246302212511516
ALAD_ld30_lr1e-5_bs1000_epoch2000_enc512_F_sc,0.13888888888888887,1.3083845048340734,20.534326369552968
DAGMM_20_1e-06_1000_0.001_0.001_100_15_4,0.0,1.3057315475496734,6.628516766027229
DAGMM_20_1e-06_1000_0.01_0.001_100_15_8,0.0,1.288964495799334,6.405766898413077
ALAD_ld10_lr1e-5_bs10000_epoch2000_enc512_F_sc,0.055555555555555566,1.2877692398072194,19.229
LS_Product_30_0.001_10000,0.0,1.286944294588215,30.281555257613483
LS_KMeans_20_0.001_10000,0.0,1.279861068750579,11.955841453426958
LS_GMM_20_0.001_10000,0.0,1.2679814852801916,16.189245396430934
ALAD_ld30_lr1e-5_bs10000_epoch2000_enc512_F_sc,0.055555555555555566,1.2526486009800322,17.895150407406774
VAE-dynamic-beta1-z34_Radius,0.0,1.25,30.0
DAGMM_20_1e-06_1000_0.001_0.001_100_15_8,0.0,1.2372518189665804,6.3885140329000185
DAGMM_10_1e-07_500_0.001_0.01_100_10_4,0.0,1.227392320041556,7.431526527485156
DAGMM_10_1e-07_500_0.01_0.01_100_10_4,0.0,1.2256640103284553,7.431526527485156
ALAD_ld30_lr1e-5_bs100_epoch2000_enc512_L_2,0.09646302250803859,1.2210691962270706,23.064177243299568
DAGMM_10_1e-06_1000_0.001_0.01_50_15_4,0.0,1.2192785701914763,8.887186362765751
LS_Average_13_0.001_10000,0.0,1.2179417517930884,21.12365692420697
LS_Product_13_0.001_10000,0.0,1.2179417517930884,21.12365692420697
DAGMM_10_1e-06_1000_0.01_0.01_50_15_4,0.0,1.2129185625535794,8.887186362765751
ALAD_ld40_lr1e-5_bs100_epoch2000_enc512_F_sc,0.2406015037593985,1.2114329408597602,29.389658529919203
ALAD_ld20_lr1e-5_bs1000_epoch2000_enc512_F_sc,0.09646302250803859,1.2046672036583643,17.490305939427067
ALAD_ld10_lr1e-5_bs100_epoch2000_enc512_L_1,0.03215434083601286,1.2046512741385702,31.829206216127197
ALAD_ld20_lr1e-5_bs500_epoch2000_enc512_F_sc,0.16666666666666666,1.2043841133351654,15.575
VAE-dynamic-beta1e-06-z13_RL,0.0,1.2000000000000002,15.0
LS_AND_13_0.001_10000,0.0,1.1912765984607852,21.976050972822467
LS_AND_30_0.001_10000,0.0,1.1849181879254918,27.575545344288614
DeepSetVAE_beta_0.001_weight_10.0,0.11111111111111113,1.1721980684529703,6.835943348204928
ALAD_ld30_lr1e-5_bs100_epoch2000_enc512_F_sc,0.06430868167202572,1.1721641563412275,24.05493585692079
LS_IF_4_1.0_10000,0.0,1.1706965857512488,36.04673434208006
DAGMM_10_1e-07_500_0.001_0.01_100_15_8,0.0,1.1667428635897752,7.737981229649492
DAGMM_10_1e-07_500_0.001_0.01_100_10_8,0.0,1.1627833485381476,7.163378663091363
DAGMM_10_1e-07_500_0.01_0.01_100_15_8,0.0,1.159841826006085,7.737981229649492
LS_OR_13_0.001_1000,0.0,1.1591852064913164,38.28768435165677
DAGMM_10_1e-07_500_0.01_0.01_100_10_8,0.0,1.1576106206675583,7.163378663091363
KDE_PCA_D=8,0.0,1.1566896958463224,15.880838029835346
LS_Average_13_0.001_1000,0.0,1.156178898042168,29.630339015514267
DAGMM_10_1e-06_5000_0.001_0.01_100_10_4,0.0,1.155502079613083,7.6996743918789505
LS_Product_13_0.001_1000,0.0,1.1554902876579232,29.630339015514267
DAGMM_10_1e-06_500_0.01_0.001_100_10_4,0.055555555555555566,1.154312015503876,5.420183126719653
LS_AND_13_0.001_1000,0.0,1.1505575078216665,27.00632062823214
VAE-static-beta0.999-z13_Radius,0.09999999999999999,1.15,12.0
VAE-static-beta1-z34_Radius,0.09999999999999999,1.15,15.0
DAGMM_10_1e-06_5000_0.01_0.01_100_10_4,0.0,1.148716281648469,7.6996743918789505
ALAD_ld20_lr1e-5_bs1000_epoch2000_enc512_L_1,0.0,1.148485844276503,23.03200886307153
LS_IF_30_1.0_10000,0.03215434083601286,1.1415468710816508,37.38747366404903
LS_VAE_30_1e-05_1000,0.0,1.14054698084382,41.44274952597325
ALAD_ld40_lr1e-5_bs100_epoch2000_enc512_L_1,0.03215434083601286,1.137052637559022,36.027188070784796
LS_OR_30_0.001_1000,0.0,1.1359353152708163,41.14154376556216
LS_KMeans_20_0.001_1000,0.0,1.135514790634898,12.786640900197417
ALAD_ld20_lr1e-5_bs100_epoch2000_enc512_F_sc,0.09646302250803859,1.1348300241799771,16.684
DAGMM_10_1e-06_500_0.01_0.001_50_10_4,0.03215434083601286,1.1335471366331071,6.5441890628573125
ALAD_ld10_lr1e-5_bs100_epoch2000_enc512_L_2,0.03215434083601286,1.1221785061530085,30.20447207939734
DAGMM_10_1e-06_500_0.01_0.001_50_10_8,0.03215434083601286,1.118236054111567,5.06482636101194
DAGMM_10_1e-06_500_0.001_0.001_50_10_8,0.03215434083601286,1.1170429976345877,5.06482636101194
ALAD_ld30_lr1e-5_bs500_epoch2000_enc512_F_sc,0.09646302250803859,1.1157108484490061,19.50257084778189
DAGMM_10_1e-06_1000_0.001_0.001_100_10_8,0.03215434083601286,1.1102195373308383,5.042611435420874
LS_IF_30_0.1_10000,0.03215434083601286,1.1006806638295128,22.66958200235732
VAE-dynamic-beta1-z21_Radius,0.0,1.1,33.0
VAE-static-beta1-z13_Radius,0.09999999999999999,1.0999999999999999,17.0
ALAD_ld20_lr1e-5_bs500_epoch2000_enc512_L_1,0.06430868167202572,1.0971640008962167,31.680360772791722
DAGMM_10_1e-07_500_0.001_0.01_100_15_4,0.0,1.0908611399230514,7.623060716337866
LS_OR_13_0.001_10000,0.0,1.0888572618623689,42.44397624976057
DAGMM_10_1e-06_5000_0.001_0.01_100_15_8,0.0,1.0874243668969277,7.929515418502202
DAGMM_10_1e-07_500_0.01_0.01_100_15_4,0.0,1.0851001075460496,7.623060716337866
DAGMM_10_1e-06_1000_0.01_0.001_50_10_8,0.0,1.082395471150783,8.868032943880483
DAGMM_10_1e-06_5000_0.001_0.01_50_10_4,0.0,1.0809994644863163,7.139248630376762
ALAD_ld40_lr1e-5_bs5000_epoch2000_enc512_F_sc,0.13888888888888887,1.0802153420311524,16.596914982661726
DAGMM_10_1e-06_5000_0.01_0.01_50_10_4,0.0,1.0712057094454128,6.687309987614007
LS_VAE_4_1e-05_1000,0.03215434083601286,1.0673841702330105,44.79083035821049
DAGMM_10_1e-06_5000_0.01_0.01_100_15_8,0.0,1.0666657494917577,7.929515418502202
DAGMM_10_1e-06_5000_0.01_0.01_50_10_8,0.0,1.066621286081236,10.1801056529911
DAGMM_10_1e-06_5000_0.001_0.01_50_10_8,0.0,1.0648929763681354,10.667924636712605
DAGMM_10_1e-06_5000_0.001_0.01_100_10_8,0.0,1.0639980830720315,7.450679946370428
ALAD_ld40_lr1e-5_bs100_epoch2000_enc512_L_sc,0.03215434083601286,1.0620850303980185,33.949157109920044
DAGMM_10_1e-06_1000_0.01_0.001_100_10_8,0.03215434083601286,1.0612643397608004,4.964170813092106
DAGMM_10_1e-06_5000_0.01_0.01_100_10_8,0.0,1.0537692331861948,7.450679946370428
VAE-dynamic-beta0.999-z13_Radius,0.0,1.0499999999999998,30.0
VAE-dynamic-beta1-z8_Radius,0.0,1.0499999999999998,24.0
LS_VAE_30_0.001_1000,0.0,1.0459110955951356,27.082934303773225
ALAD_ld40_lr1e-5_bs1000_epoch2000_enc512_L_1,0.03215434083601286,1.0416019299223704,23.09834133342444
DAGMM_10_1e-07_5000_0.001_0.001_100_15_8,0.0,1.0394312626467763,6.358935069909979
ALAD_ld20_lr1e-5_bs5000_epoch2000_enc512_F_sc,0.0,1.039332264118915,17.102
DAGMM_10_1e-07_5000_0.01_0.001_100_15_8,0.0,1.0375987492655057,6.358935069909979
DAGMM_10_1e-07_5000_0.001_0.001_100_15_4,0.0,1.0366014772717138,6.148247462171997
DAGMM_10_1e-07_5000_0.01_0.001_100_15_4,0.0,1.0348856227761751,6.148247462171997
VAE-dynamic-beta0.001-z8_RL,0.0,1.032455532033676,15.0
VAE-dynamic-beta1e-06-z34_RL,0.0,1.032455532033676,18.0
DAGMM_10_1e-06_500_0.001_0.01_50_10_4,0.03215434083601286,1.0253250715861615,10.347271438695959
ALAD_ld40_lr1e-5_bs500_epoch2000_enc512_L_1,0.15037593984962408,1.0221852539184915,24.38242955954128
DAGMM_10_1e-06_500_0.01_0.01_50_10_4,0.03215434083601286,1.0198815564257049,10.347271438695959
DAGMM_10_1e-06_1000_0.001_0.001_50_10_8,0.0,1.0187120590833407,8.868032943880483
DAGMM_10_1e-06_1000_0.01_0.001_50_15_8,0.0,1.0162088340348236,9.3851752537828
LS_OR_4_1e-05_1000,0.0,1.0147642306787508,44.838660084385296
ALAD_ld40_lr1e-5_bs1000_epoch2000_enc512_L_sc,0.0,1.0140100043470686,29.98173488636704
DAGMM_10_1e-06_500_0.001_0.001_100_10_8,0.03215434083601286,1.0098406082502764,5.668666706377918
DAGMM_10_1e-07_5000_0.001_0.001_100_10_8,0.0,1.0069952874221304,5.554491476728597
DAGMM_10_1e-07_5000_0.01_0.001_100_10_8,0.0,1.0055654086758479,5.554491476728597
LS_AND_30_0.001_1000,0.0,1.0054626967884759,23.451939666216838
VAE-dynamic-beta1-z5_Radius,0.0,1.0,25.0
VAE-static-beta1-z21_Radius,0.0,1.0,23.0
DAGMM_20_1e-06_500_0.01_0.001_50_10_8,0.0,0.9996889990100287,6.574879144531184
LS_Average_30_0.001_1000,0.0,0.9977583831691603,24.22907488986784
LS_Product_30_0.001_1000,0.0,0.9959865901145892,24.22907488986784
ALAD_ld30_lr1e-5_bs100_epoch2000_enc512_L_1,0.055555555555555566,0.9938784884197034,31.138859944312536
DAGMM_10_1e-06_5000_0.001_0.01_50_15_8,0.0,0.9929288767304603,9.478643318734632
ALAD_ld10_lr1e-5_bs500_epoch2000_enc512_L_sc,0.22222222222222227,0.9924942785041198,38.16809893104171
DAGMM_10_1e-07_5000_0.001_0.01_100_15_4,0.0,0.9896034246952792,6.129094043286727
DAGMM_10_1e-06_5000_0.01_0.01_50_15_8,0.0,0.9894722573042589,8.770059539460329
DAGMM_10_1e-07_5000_0.01_0.01_100_15_4,0.0,0.9883428628125217,6.129094043286727
ALAD_ld10_lr1e-5_bs500_epoch2000_enc512_L_1,0.03215434083601286,0.9865206767644852,28.26900619816151
DAGMM_10_1e-06_500_0.001_0.001_50_10_4,0.03215434083601286,0.9864883131036954,6.66194188518781
ALAD_ld20_lr1e-5_bs100_epoch2000_enc512_L_1,0.03215434083601286,0.9862616322021376,32.70186706752533
ALAD_ld30_lr1e-5_bs5000_epoch2000_enc512_F_sc,0.12861736334405144,0.9850877292908466,15.928
DAGMM_10_1e-07_5000_0.001_0.01_100_15_8,0.0,0.9845611771642493,6.358935069909979
DAGMM_10_1e-06_500_0.001_0.001_50_15_8,0.03215434083601286,0.9844634303833055,5.554491476728597
LS_OR_4_1.0_10000,0.16541353383458643,0.9819585025561279,46.964183106684544
DAGMM_10_1e-07_5000_0.01_0.01_100_15_8,0.0,0.9814681019002212,6.358935069909979
DAGMM_10_1e-06_500_0.01_0.001_100_10_8,0.03215434083601286,0.9764266204636651,5.697296336208111
ALAD_ld10_lr1e-5_bs100_epoch2000_enc512_L_sc,0.03215434083601286,0.9745095433799276,39.635296583525445
VAE-static-beta0.999-z5_Radius,0.09999999999999999,0.974341649025257,25.0
VAE-static-beta1-z8_Radius,0.09999999999999999,0.974341649025257,16.0
DAGMM_20_1e-06_1000_0.001_0.001_100_10_8,0.0,0.9696623013876686,6.404229514357459
DAGMM_10_1e-06_500_0.01_0.001_50_15_8,0.03215434083601286,0.9695159764361436,5.554491476728597
DAGMM_10_1e-07_1000_0.001_0.01_100_10_8,0.0,0.969232792764257,6.571332057200766
LS_GMM_20_0.001_1000,0.0,0.9671779997463907,19.75538511470593
DAGMM_10_1e-07_1000_0.01_0.01_100_10_8,0.0,0.9646239668626556,6.5499380700371574
AE,0.2033660763254285,0.9644946863513557,39.6
ALAD_ld30_lr1e-5_bs1000_epoch2000_enc512_L_sc,0.0,0.9643903355934701,37.39557445279516
ALAD_ld40_lr1e-5_bs1000_epoch2000_enc512_L_2,0.0,0.9634742170383845,21.25348046668147
ALAD_ld10_lr1e-5_bs5000_epoch2000_enc512_L_sc,0.0,0.9626118298191568,36.93744947150942
DAGMM_10_1e-07_5000_0.001_0.01_100_10_8,0.0,0.9615024574300619,5.535338057843325
DAGMM_10_1e-07_5000_0.01_0.01_100_10_8,0.0,0.9606445301822923,5.535338057843325
ALAD_ld20_lr1e-5_bs100_epoch2000_enc512_L_2,0.03215434083601286,0.9600452636406562,28.29299123691088
DAGMM_10_1e-06_500_0.001_0.001_100_10_4,0.055555555555555566,0.9578250873993008,5.358062231805087
DAGMM_20_1e-06_500_0.01_0.001_50_10_4,0.0,0.9566297192327571,6.694111819066979
DAGMM_10_1e-07_1000_0.001_0.01_100_15_8,0.0,0.9546593940597797,6.943408892386376
ALAD_ld30_lr1e-5_bs20000_epoch2000_enc512_F_sc,0.055555555555555566,0.9511473862218247,18.066
DAGMM_10_1e-06_500_0.001_0.01_50_15_8,0.06430868167202572,0.950666752211827,11.1268603827073
DAGMM_10_1e-07_1000_0.01_0.01_100_15_8,0.0,0.9500505681581781,6.876077379812298
VAE-dynamic-beta0.999-z21_Radius,0.0,0.95,34.0
VAE-static-beta1-z5_Radius,0.0,0.9486832980505139,19.0
VAE-static-beta0.999-z21_Radius,0.09999999999999999,0.9486832980505139,21.0
DAGMM_10_1e-07_500_0.001_0.01_50_10_8,0.0,0.9474671528628225,6.263167975483623
DAGMM_10_1e-06_500_0.01_0.01_50_15_8,0.06430868167202572,0.9467741396980163,10.772501771793054
DAGMM_20_1e-06_1000_0.01_0.001_100_10_8,0.0,0.9455133221226303,6.417553509506157
DAGMM_10_1e-07_500_0.01_0.01_50_10_8,0.0,0.9440105334366211,6.263167975483623
ALAD_ld40_lr1e-5_bs500_epoch2000_enc512_L_sc,0.10168095370316332,0.9439924455845328,28.981645057939335
DAGMM_10_1e-06_1000_0.001_0.001_50_15_8,0.0,0.9439781961868743,9.3851752537828
DAGMM_10_1e-06_5000_0.001_0.01_50_15_4,0.0,0.9434258893108223,8.691723644264174
DAGMM_10_1e-06_1000_0.001_0.001_100_15_8,0.06430868167202572,0.9427793228181346,4.97537661628193
ALAD_ld40_lr1e-5_bs500_epoch2000_enc512_L_2,0.22556390977443608,0.9412900894580979,23.383611485967105
ALAD_ld30_lr1e-5_bs500_epoch2000_enc512_L_1,0.0,0.940522046011867,33.43713507201246
DAGMM_10_1e-06_500_0.01_0.01_50_10_8,0.06430868167202572,0.9397474640991403,8.752657689581858
ALAD_ld40_lr1e-5_bs100_epoch2000_enc512_L_2,0.11111111111111113,0.935637731053381,28.915770877623736
DAGMM_10_1e-06_5000_0.01_0.01_50_15_4,0.0,0.9353604439830194,7.901243247284804
DAGMM_10_1e-06_1000_0.01_0.01_100_10_4,0.03215434083601286,0.9353349793632076,10.21969250911964
ALAD_ld20_lr1e-5_bs20000_epoch2000_enc512_L_2,0.0,0.9337210085229478,16.974578554960022
DAGMM_10_1e-06_500_0.001_0.01_50_10_8,0.06430868167202572,0.9326219536002374,9.000708717221828
DAGMM_10_1e-06_500_0.01_0.001_100_15_4,0.03215434083601286,0.9281282740750862,5.249485711128322
ALAD_ld40_lr1e-5_bs10000_epoch2000_enc512_F_sc,0.027777777777777783,0.9281261806766934,21.80181411318563
LS_KMeans_13_0.001_10000,0.0,0.9240358906765049,20.29823037997425
DAGMM_20_1e-06_500_0.01_0.001_100_15_8,0.0,0.9217998520162782,10.515226968013792
ALAD_ld10_lr1e-5_bs1000_epoch2000_enc512_L_1,0.0,0.920959446365184,28.525307049760002
DAGMM_10_1e-06_1000_0.001_0.01_100_10_4,0.03215434083601286,0.9197908477463311,10.208486705929815
DAGMM_10_1e-07_500_0.001_0.01_50_15_8,0.0,0.9179787199299225,6.799463704271212
DAGMM_10_1e-07_500_0.01_0.01_50_15_8,0.0,0.9168265134545219,6.799463704271212
DAGMM_20_1e-06_500_0.01_0.001_100_10_4,0.0,0.9140065087026473,6.699578073486957
ALAD_ld30_lr1e-5_bs500_epoch2000_enc512_L_2,0.0,0.9128203715943306,24.24967117063255
DAGMM_10_1e-06_500_0.001_0.01_50_15_4,0.06430868167202572,0.9112575123190416,12.012756909992913
VAE_TriangularSNF,0.12903225806451613,0.9108408781217501,3.1006707390106603
DAGMM_10_1e-06_500_0.01_0.01_50_15_4,0.06430868167202572,0.9100412632312285,12.048192771084334
VAE_NoF,0.15060240963855423,0.9085417949320549,2.9730352615810096
DAGMM_10_1e-06_1000_0.001_0.01_100_15_8,0.06430868167202572,0.9064081480137132,9.760254578336848
DAGMM_10_1e-06_1000_0.01_0.01_100_15_8,0.06430868167202572,0.9051918989259,9.659402349628431
ALAD_ld10_lr1e-5_bs5000_epoch2000_enc512_L_2,0.0,0.9040257223396759,20.72906168326472
DAGMM_10_1e-06_1000_0.001_0.01_100_10_8,0.06430868167202572,0.9027594007502736,9.076700583757574
DAGMM_10_1e-06_1000_0.01_0.01_100_10_8,0.06430868167202572,0.9015386976252736,9.043083174188101
ALAD_ld30_lr1e-5_bs1000_epoch2000_enc512_L_1,0.027777777777777783,0.9001679261696427,31.550738090247627
VAE-static-beta0.001-z34_Radius,0.0,0.8999999999999999,12.649110640673518
VAE-dynamic-beta0.999-z34_Radius,0.0,0.8999999999999999,30.0
DAGMM_10_1e-07_500_0.001_0.001_50_15_8,0.0,0.8949616365675601,6.876077379812298
DAGMM_10_1e-07_500_0.01_0.001_50_15_8,0.0,0.8943977345985723,6.876077379812298
LS_VAE_13_0.001_10000,0.0,0.8940682688021642,38.80698997283955
DAGMM_10_1e-06_1000_0.001_0.01_100_15_4,0.06430868167202572,0.893306068647217,11.481218993621544
LS_VAE_20_1e-05_1000,0.0,0.892719805777888,55.48077415828223
DAGMM_10_1e-06_500_0.001_0.001_100_15_4,0.03215434083601286,0.8922327718336428,5.272713524009421
DAGMM_10_1e-06_1000_0.01_0.01_100_15_4,0.06430868167202572,0.890864662397217,11.091424521615876
DAGMM_10_1e-06_1000_0.01_0.001_100_15_8,0.06430868167202572,0.8902372732579569,4.97537661628193
LS_VAE_4_1e-05_10000,0.0,0.8901911324391945,28.501392186672586
ALAD_ld30_lr1e-5_bs5000_epoch2000_enc512_L_2,0.0,0.8901789254473242,20.259305444047758
LS_KMeans_13_0.001_1000,0.0,0.8897818689086564,13.48624127915681
DAGMM_20_1e-06_1000_0.01_0.001_100_10_4,0.0,0.8896607632523718,6.669684494627696
LS_VAE_4_0.001_1000,0.0,0.889589039325251,34.52622948019337
DAGMM_10_1e-07_1000_0.001_0.01_100_10_4,0.0,0.8875385880374613,6.607929515418502
DAGMM_10_1e-07_1000_0.01_0.01_100_10_4,0.0,0.8858102783243607,6.607929515418502
DAGMM_10_1e-07_500_0.001_0.001_50_10_4,0.0,0.8851678815266569,6.550469258762689
LS_KMeans_20_1e-05_1000,0.0,0.8840986650567062,20.184144445773047
DAGMM_20_1e-06_500_0.001_0.001_50_10_8,0.0,0.8814220551453482,6.543106540715054
DAGMM_10_1e-07_500_0.001_0.01_50_10_4,0.0,0.8791357776297626,6.550469258762689
DAGMM_10_1e-07_500_0.01_0.01_50_10_4,0.0,0.8791235763610505,6.550469258762689
DAGMM_10_1e-07_500_0.001_0.001_50_10_8,0.0,0.879074771286201,6.339781651024707
DAGMM_10_1e-07_500_0.01_0.001_50_10_4,0.0,0.8782058375994051,6.550469258762689
DAGMM_20_1e-06_500_0.01_0.001_100_10_8,0.0,0.8780293016082836,12.77533039647577
DAGMM_10_1e-07_500_0.01_0.001_50_10_8,0.0,0.8750420486222998,6.339781651024707
LS_IF_13_1.0_1000,0.06430868167202572,0.8741782151948543,40.27963991572496
ALAD_ld20_lr1e-5_bs20000_epoch2000_enc512_L_1,0.0,0.873800638510587,13.99291531034773
ALAD_ld10_lr1e-5_bs1000_epoch2000_enc512_L_sc,0.0,0.8727146870874698,39.76405066323322
DAGMM_10_1e-07_1000_0.001_0.01_100_15_4,0.0,0.8714251858670101,6.799463704271212
DAGMM_10_1e-07_1000_0.01_0.01_100_15_4,0.0,0.8696968761539096,6.799463704271212
LS_Average_4_0.001_1000,0.0,0.8692299063323798,45.4672793426829
LS_VAE_30_1e-05_10000,0.0,0.8686571951865907,37.36526536957005
ALAD_ld10_lr1e-5_bs20000_epoch2000_enc512_L_sc,0.0,0.8682024161933233,37.7129682306794
LS_Product_4_0.001_1000,0.0,0.867760182640434,45.45703011564545
ALAD_ld20_lr1e-5_bs20000_epoch2000_enc512_L_sc,0.0,0.8669759202244389,20.582687067700686
ALAD_ld30_lr1e-5_bs1000_epoch2000_enc512_L_2,0.027777777777777783,0.8652839877267209,23.166751504626166
LS_KMeans_30_1e-05_1000,0.0,0.8642787366375166,15.42337848687245
LS_Average_30_1e-05_10000,0.0,0.8619937868354528,18.157441103236927
LS_IF_13_0.001_10000,0.0,0.8616558707280688,13.619514528279325
ALAD_ld20_lr1e-5_bs10000_epoch2000_enc512_F_sc,0.027777777777777783,0.8590545242693652,21.448999999999998
ALAD_ld20_lr1e-5_bs100_epoch2000_enc512_L_sc,0.03215434083601286,0.8582638351963571,29.87992933497021
DAGMM_10_1e-06_1000_0.001_0.001_100_10_4,0.03215434083601286,0.8577119318730096,6.992421190450277
DAGMM_10_1e-06_1000_0.01_0.001_100_10_4,0.03215434083601286,0.8577119318730096,6.936392174501156
DAGMM_10_1e-06_1000_0.01_0.001_100_15_4,0.03215434083601286,0.8566806185467528,4.81577014400164
VAE-dynamic-beta0.001-z21_RL,0.0,0.8500000000000001,13.0
VAE-static-beta0.999-z8_Radius,0.09999999999999999,0.8499999999999999,20.0
VAE-dynamic-beta1e-06-z8_RL,0.0,0.8499999999999999,13.597793938724031
VAE-dynamic-beta0.999-z8_Radius,0.0,0.8499999999999999,25.0
DAGMM_10_1e-06_1000_0.001_0.001_100_15_4,0.03215434083601286,0.8494131766862876,4.776993901709912
DAGMM_10_1e-07_5000_0.001_0.001_100_10_4,0.0,0.8486133236389091,5.803485922237118
DAGMM_10_1e-07_5000_0.01_0.001_100_10_4,0.0,0.8477553963911397,5.803485922237118
DAGMM_10_1e-06_1000_0.001_0.001_50_10_4,0.0,0.8476269825824656,8.906339781651026
LS_Average_30_1e-05_1000,0.0,0.8453050632286774,45.70005746025666
DAGMM_10_1e-06_1000_0.01_0.001_50_10_4,0.0,0.8443726822570357,8.906339781651026
LS_VAE_13_0.001_1000,0.0,0.8443609415385798,24.650450105343804
LS_OR_30_1.0_10000,0.027777777777777783,0.8424514046695424,47.97931430760391
LS_IF_20_0.001_10000,0.0,0.8415625409202931,12.663479473758107
KDE_VAE_b=1e-3_D=9,0.0,0.8409048112230487,3.4220532319391634
DAGMM_10_1e-07_1000_0.001_0.001_100_15_8,0.0,0.8391581173393572,7.048458149779736
LS_Product_30_1e-05_1000,0.0,0.8390339281780127,45.70005746025666
DAGMM_10_1e-06_500_0.001_0.001_50_15_4,0.06430868167202572,0.8369650439062046,4.888368835516988
DAGMM_10_1e-06_500_0.01_0.001_50_15_4,0.06430868167202572,0.8364493872430763,4.916895850771255
LS_OR_20_1e-05_1000,0.0,0.8353550788076924,56.00860935071147
DAGMM_10_1e-07_1000_0.01_0.001_100_15_8,0.0,0.8322448784869549,7.048458149779736
ALAD_ld10_lr1e-5_bs20000_epoch2000_enc512_L_1,0.0,0.8305158840401056,24.948348654070728
DAGMM_10_1e-07_500_0.001_0.01_50_15_4,0.0,0.8280413380610809,6.703696609844857
LS_OR_4_0.001_1000,0.0,0.8279482269739762,39.98565108214756
ALAD_ld20_lr1e-5_bs1000_epoch2000_enc512_L_sc,0.0,0.8259901378746715,32.769410426086175
ALAD_ld20_lr1e-5_bs500_epoch2000_enc512_L_2,0.0,0.825492716744122,23.28352846064017
DAGMM_10_1e-07_500_0.01_0.01_50_15_4,0.0,0.8251608218725799,6.703696609844857
VAE-static-beta0.8-z21_Radius,0.09999999999999999,0.824341649025257,19.0
DAGMM_10_1e-06_500_0.01_0.001_100_15_8,0.0,0.820456355042908,5.803171948410328
DAGMM_20_1e-06_500_0.001_0.001_50_10_4,0.0,0.8197062391488996,6.667976290121453
DAGMM_10_1e-06_500_0.001_0.001_100_15_8,0.0,0.8192401059550949,5.692434700953927
ALAD_ld20_lr1e-5_bs500_epoch2000_enc512_L_sc,0.027777777777777783,0.8187479005732937,37.76387100637782
ALAD_ld30_lr1e-5_bs20000_epoch2000_enc512_L_1,0.0,0.8186711052560847,19.93292810731503
DAGMM_20_1e-06_500_0.001_0.001_100_10_4,0.0,0.8182574985011921,6.77726791387222
DAGMM_10_1e-07_500_0.001_0.001_100_15_8,0.0,0.8174778863189086,7.948668837387474
DAGMM_10_1e-07_1000_0.001_0.001_100_10_8,0.0,0.8164948707696524,6.550469258762689
LS_AND_30_1e-05_1000,0.0,0.8148673639919908,45.96820532465045
DAGMM_10_1e-07_500_0.01_0.001_100_15_8,0.0,0.8146095713991199,7.948668837387474
DAGMM_20_1e-06_500_0.001_0.001_100_10_8,0.0,0.8144487819261366,12.77533039647577
LS_VAE_13_1e-05_10000,0.0,0.8143088689824247,49.69850190464802
ALAD_ld30_lr1e-5_bs5000_epoch2000_enc512_L_sc,0.0,0.8143011745880671,15.765019388121146
DAGMM_10_1e-07_1000_0.01_0.001_100_10_8,0.0,0.8118738435993385,6.550469258762689
DAGMM_10_1e-07_5000_0.001_0.01_100_10_4,0.0,0.8099498828385594,5.784332503351847
DAGMM_10_1e-07_5000_0.01_0.01_100_10_4,0.0,0.8093779313400464,5.784332503351847
ALAD_ld40_lr1e-5_bs5000_epoch2000_enc512_L_sc,0.0,0.8081209023060456,19.13872328795204
DAGMM_20_1e-06_500_0.001_0.001_100_15_8,0.0,0.8065650942970197,10.515226968013792
ALAD_ld10_lr1e-5_bs1000_epoch2000_enc512_L_2,0.0,0.8048415668854424,20.89988213388907
DAGMM_10_1e-07_500_0.001_0.001_50_15_4,0.0,0.8005740452903773,6.76115686650067
VAE-dynamic-beta1e-06-z21_RL,0.0,0.8,15.0
VAE-static-beta0.001-z13_Radius,0.0,0.8,13.0
VAE-static-beta0.999-z34_Radius,0.0,0.7999999999999999,19.0
DAGMM_10_1e-07_500_0.01_0.001_50_15_4,0.0,0.7982696323395765,6.76115686650067
ALAD_ld10_lr1e-5_bs500_epoch2000_enc512_L_2,0.16666666666666666,0.7979031532916276,21.485796279530586
ALAD_ld30_lr1e-5_bs500_epoch2000_enc512_L_sc,0.0,0.7972170892837636,36.389496062520585
DAGMM_10_1e-06_500_0.001_0.01_100_15_4,0.03215434083601286,0.7969254823185385,7.9636494081071385
ALAD_ld40_lr1e-5_bs20000_epoch2000_enc512_L_sc,0.0,0.7967479724748676,15.11969628336937
DAGMM_10_1e-07_500_0.001_0.001_100_10_8,0.0,0.7966771634181399,7.488986784140969
DAGMM_10_1e-06_5000_0.01_0.01_100_15_4,0.0,0.796337195563356,7.814594905190576
DAGMM_10_1e-07_500_0.01_0.001_100_10_8,0.0,0.796113261449152,7.488986784140969
DAGMM_10_1e-06_5000_0.001_0.01_100_15_4,0.0,0.7955482793012792,7.814594905190576
DAGMM_20_1e-06_1000_0.001_0.001_100_10_4,0.0,0.7955410523858499,6.653969013170256
DAGMM_20_1e-06_500_0.01_0.01_50_15_4,0.0,0.7936664425695779,6.743820570198664
LS_IF_13_0.001_1000,0.0,0.7930514826896773,19.249185979697366
ALAD_ld20_lr1e-5_bs5000_epoch2000_enc512_L_1,0.0,0.7908510103355614,25.675958918465728
LS_OR_13_1e-05_10000,0.0,0.7904418876098647,48.40068952307987
DAGMM_10_1e-06_500_0.01_0.01_100_15_4,0.03215434083601286,0.7862215671965698,8.043935019900582
ALAD_ld30_lr1e-5_bs5000_epoch2000_enc512_L_1,0.0,0.7854902585651922,17.973727814693973
ALAD_ld40_lr1e-5_bs10000_epoch2000_enc512_L_sc,0.0,0.7838798310822712,18.233374899642985
ALAD_ld30_lr1e-5_bs100_epoch2000_enc512_L_sc,0.13888888888888887,0.7825310141985635,34.56597898014792
ALAD_ld20_lr1e-5_bs5000_epoch2000_enc512_L_sc,0.0,0.7794846478842783,32.493936581130036
DAGMM_10_1e-07_500_0.01_0.001_100_10_4,0.0,0.7783272686927198,7.546447040796783
DAGMM_10_1e-07_500_0.001_0.001_100_10_4,0.0,0.7765867577109069,7.546447040796783
DAGMM_20_1e-06_500_0.01_0.001_100_15_4,0.0,0.7724168319012998,8.868032943880483
LS_Product_20_1e-05_1000,0.03215434083601286,0.7610161118644118,45.94905190576518
ALAD_ld40_lr1e-5_bs20000_epoch2000_enc512_L_2,0.0,0.7604808832084334,14.201670784798212
ALAD_ld20_lr1e-5_bs1000_epoch2000_enc512_L_2,0.0,0.7598525332855042,19.06868690319605
ALAD_ld30_lr1e-5_bs10000_epoch2000_enc512_L_1,0.0,0.7559630034539399,31.81722909243345
LS_OR_30_1e-05_10000,0.0,0.7559183498825652,48.49645661750622
DAGMM_20_1e-06_500_0.001_0.01_50_15_4,0.0,0.7557891304647635,6.7422831861430454
LS_Average_20_1e-05_1000,0.03215434083601286,0.7528381593900646,45.94905190576518
DAGMM_10_1e-06_500_0.01_0.01_100_10_4,0.0,0.7517039958533507,9.928084590287147
LS_OR_20_1e-05_10000,0.03215434083601286,0.7506829889940241,46.88756943114346
VAE-static-beta0.8-z5_Radius,0.0,0.75,11.0
VAE-static-beta0.001-z21_Radius,0.0,0.75,13.281566172707194
VAE-dynamic-beta0.1-z34_RL,0.09999999999999999,0.75,14.000000000000002
DAGMM_10_1e-06_500_0.001_0.01_100_10_4,0.0,0.7480552485899112,9.712850822500469
LS_VAE_4_0.001_10000,0.03215434083601286,0.7479129500389144,21.74715156898584
ALAD_ld10_lr1e-5_bs10000_epoch2000_enc512_L_1,0.0,0.74514930563546,24.526155043866215
LS_Average_20_1e-05_10000,0.0,0.7402509264820702,34.74430185788163
LS_IF_13_0.1_1000,0.03215434083601286,0.7395301142155131,11.98364705425368
LS_IF_4_0.001_1000,0.0,0.7391055618746061,22.68495584291351
LS_AND_4_1e-05_1000,0.0,0.7367012394349092,15.683025571821455
LS_IF_20_0.1_10000,0.0,0.7345746987972462,13.682718095010335
LS_IF_20_0.001_1000,0.0,0.7343863597647472,27.57212893527613
LS_KMeans_30_0.001_10000,0.0,0.7341979931348303,12.25978374130951
LS_OR_13_1.0_1000,0.06430868167202572,0.7333477923949854,51.63761731469067
ALAD_ld40_lr1e-5_bs10000_epoch2000_enc512_L_2,0.0,0.7331542330807421,20.398
ALAD_ld20_lr1e-5_bs10000_epoch2000_enc512_L_1,0.0,0.7325667853133497,16.830853070635087
ALAD_ld10_lr1e-5_bs20000_epoch2000_enc512_L_2,0.0,0.7324786900034855,14.672
LS_KMeans_30_0.001_1000,0.0,0.7318205423784625,15.099158736104023
ALAD_ld40_lr1e-5_bs10000_epoch2000_enc512_L_1,0.0,0.7303477208910667,23.043678789224643
LS_Average_4_1e-05_1000,0.0,0.7300918541077446,21.936762269178868
LS_Product_4_1e-05_1000,0.0,0.7300918541077446,21.935054064672624
LS_AND_20_1e-05_1000,0.0,0.7275972911463569,45.62344378471557
LS_OR_4_1e-05_10000,0.0,0.7263509697747406,41.6395326565792
VAE-dynamic-beta0.1-z13_RL,0.0,0.724341649025257,12.016655108639842
LS_IF_30_1.0_1000,0.06430868167202572,0.7233805666914515,20.26431718061674
ALAD_ld10_lr1e-5_bs10000_epoch2000_enc512_L_2,0.0,0.7224198061616628,15.75306195657744
KDE_VAE_b=1e-5_D=10,0.0,0.7217427962108813,6.4638783269961975
LS_KMeans_30_1e-05_10000,0.0,0.7200924933176973,13.134384448506175
LS_IF_30_1e-05_10000,0.0,0.7200370102493692,14.222510718983278
DAGMM_10_1e-06_1000_0.01_0.001_50_15_4,0.0,0.7174775070418684,9.136180808274275
LS_OR_13_1e-05_1000,0.06430868167202572,0.717126421709364,53.352351343502846
LS_Product_30_1e-05_10000,0.0,0.7168461076311915,18.157441103236927
DAGMM_10_1e-06_5000_0.001_0.001_50_15_8,0.0,0.7168412119162307,7.010151312009194
ALAD_ld40_lr1e-5_bs5000_epoch2000_enc512_L_2,0.0,0.7150619994210169,18.920073111152867
ALAD_ld30_lr1e-5_bs10000_epoch2000_enc512_L_sc,0.0,0.7147096573659488,31.68248645087882
LS_VAE_20_1e-05_10000,0.03215434083601286,0.7131972422133986,42.10211646538324
DAGMM_10_1e-06_5000_0.01_0.001_50_15_8,0.0,0.7116684840456413,7.010151312009194
DAGMM_10_1e-06_500_0.01_0.01_100_10_8,0.0,0.710289170347087,8.411198988742932
LS_AND_20_0.1_10000,0.0,0.7087223553263124,21.470982570388813
DAGMM_10_1e-06_5000_0.001_0.001_50_10_4,0.0,0.7080166443200431,6.703696609844857
DAGMM_10_1e-06_500_0.001_0.01_100_10_8,0.0,0.7078566721714606,8.108846791137834
DAGMM_10_1e-06_5000_0.01_0.001_50_10_4,0.0,0.7057122313692422,6.703696609844857
ALAD_ld40_lr1e-5_bs20000_epoch2000_enc512_F_sc,0.027777777777777783,0.7026253341083475,19.264
LS_AE_4_0.1_1000,0.0,0.7025741780664584,17.860986317281903
LS_OR_30_0.1_10000,0.0,0.7020850442325903,41.94598735874354
VAE-dynamic-beta0.1-z8_RL,0.0,0.7,19.0
VAE-dynamic-beta0.999-z5_Radius,0.0,0.7,27.0
DAGMM_10_1e-06_5000_0.001_0.001_100_15_8,0.0,0.6996444155300547,8.082742769584371
DAGMM_20_1e-06_500_0.001_0.001_100_15_4,0.0,0.698649409432041,8.84887952499521
DAGMM_10_1e-06_5000_0.01_0.001_100_15_8,0.0,0.6983797019081099,8.082742769584371
DAGMM_10_1e-06_5000_0.001_0.001_50_10_8,0.0,0.6963237618040665,6.531315839877418
KDE_VAE_b=1e-3_D=10,0.0,0.6959068574056593,6.273764258555133
ALAD_ld20_lr1e-5_bs10000_epoch2000_enc512_L_sc,0.0,0.692114990727781,24.984280025151957
DAGMM_10_1e-06_500_0.001_0.01_100_15_8,0.03215434083601286,0.6920066413662238,8.295041082318374
LS_IF_30_0.1_1000,0.0,0.6911758431908437,14.564182411593853
LS_AE_20_0.001_10000,0.0,0.6893096264748453,13.397046215444899
DAGMM_10_1e-06_500_0.01_0.01_100_15_8,0.03215434083601286,0.6888440860215054,8.711842981841786
DAGMM_10_1e-07_500_0.01_0.001_100_15_4,0.0,0.6861560378771305,7.757134648534763
DAGMM_10_1e-07_500_0.001_0.001_100_15_4,0.0,0.6850038314017302,7.757134648534763
DAGMM_10_1e-06_5000_0.01_0.001_50_10_8,0.0,0.6842255938123625,6.531315839877418
LS_IF_30_1e-05_1000,0.0,0.6813934237018028,14.516302687296914
DeepSetVAE_beta_0.001_weight_1.0,0.09729166666666668,0.6812001325838954,5.9011862597747715
LS_IF_13_1.0_10000,0.06430868167202572,0.6794768351038292,24.94832681368613
LS_OR_30_1e-05_1000,0.0,0.6789983895640159,49.320053629572875
ALAD_ld30_lr1e-5_bs20000_epoch2000_enc512_L_2,0.0,0.6768654382510972,10.91
LS_IF_20_0.1_1000,0.0,0.6768476316807022,12.092537652486863
DAGMM_10_1e-06_1000_0.001_0.001_50_15_4,0.0,0.6766686239788255,9.136180808274275
DAGMM_20_1e-07_500_0.001_0.01_100_10_8,0.0,0.6720984863144448,6.035804357531518
ALAD_ld40_lr1e-5_bs5000_epoch2000_enc512_L_1,0.0,0.6710375390030587,24.62496631433961
LS_AE_20_0.001_1000,0.0,0.6684835098443336,26.624075434310996
DAGMM_10_1e-06_5000_0.001_0.001_100_10_8,0.0,0.6668879360110129,7.757134648534763
DAGMM_20_1e-07_500_0.01_0.01_100_10_8,0.0,0.6663374539374429,6.056124379961752
VAE-static-beta0.8-z8_Radius,0.09999999999999999,0.666227766016838,17.0
VAE-static-beta0.1-z5_Radius,0.0,0.666227766016838,14.000000000000002
LS_AND_13_0.1_10000,0.0,0.6660414740556235,15.218393946123228
DAGMM_10_1e-07_1000_0.001_0.001_100_10_4,0.0,0.6608737889783254,6.646236353189043
DAGMM_10_1e-07_1000_0.01_0.001_100_10_4,0.0,0.6603098870093377,6.646236353189043
LS_GMM_30_0.001_1000,0.0,0.6583365369233959,19.840795340018108
ALAD_ld10_lr1e-5_bs10000_epoch2000_enc512_L_sc,0.0,0.6577689360231225,41.04560289846393
LS_OR_4_0.001_10000,0.0,0.6562614547747166,33.23118176594522
LS_AND_30_0.1_10000,0.0,0.6537777307510939,14.012401564715326
LS_VAE_13_1e-05_1000,0.06430868167202572,0.6518328293359973,45.98998992159341
VAE-static-beta0.8-z34_Radius,0.09999999999999999,0.65,14.000000000000002
VAE-static-beta0.1-z21_Radius,0.09999999999999999,0.6499999999999999,19.0
VAE-dynamic-beta1e-06-z5_RL,0.0,0.6499999999999999,17.0
VAE-dynamic-beta0.1-z21_RL,0.0,0.6499999999999999,9.0
LS_IF_20_1e-05_1000,0.0,0.6498461253900798,24.977366290292274
LS_AND_30_1e-05_10000,0.0,0.6479387334002569,18.157441103236927
LS_AE_30_1e-05_1000,0.0,0.6474276456641648,15.724022479971305
DAGMM_20_1e-07_500_0.001_0.01_100_15_4,0.0,0.6450532379553109,6.0083881227485785
LS_AND_4_0.001_1000,0.0,0.6428924577727091,35.07114671768504
LS_IF_4_1.0_1000,0.09646302250803859,0.6407558081591069,34.935836046734345
DAGMM_20_1e-07_500_0.01_0.01_100_15_4,0.0,0.6404444120537094,6.0083881227485785
DAGMM_20_1e-07_500_0.001_0.01_100_10_4,0.0,0.6394441323409279,5.845898249598776
LS_IF_13_0.1_10000,0.027777777777777783,0.639313504923037,13.44728311307146
LS_AE_13_0.1_1000,0.027777777777777783,0.638360037886632,13.097171780533888
LS_Average_13_1e-05_10000,0.0,0.6381521123953611,43.76556215284429
LS_Product_13_1e-05_10000,0.0,0.6381521123953611,43.72725531507374
LS_OR_30_1.0_1000,0.0,0.6379298764771909,42.214135223137326
DAGMM_20_1e-06_5000_0.001_0.01_50_10_8,0.0,0.637684218815052,6.293455353803704
DAGMM_10_1e-06_5000_0.01_0.001_100_10_8,0.0,0.6337621743550301,7.757134648534763
DAGMM_20_1e-07_500_0.01_0.01_100_10_4,0.0,0.6325308934885255,5.86380742191017
LS_Product_30_1.0_10000,0.0,0.632273105020629,27.39105925761432
LS_AE_20_1e-05_1000,0.0,0.6313620756382643,24.37266189508208
DAGMM_20_1e-06_5000_0.01_0.01_50_10_8,0.0,0.6313470832003498,6.281469984641463
LS_Product_4_1e-05_10000,0.0,0.6310149712055402,36.98525186745834
LS_Product_20_1e-05_10000,0.0,0.6304308019662717,34.74430185788163
LS_IF_13_1e-05_10000,0.0,0.6294372584537814,20.589925301666348
LS_GMM_30_0.001_10000,0.0,0.627310195730383,25.638441434208502
DAGMM_20_1e-06_1000_0.001_0.01_100_10_4,0.0,0.626039441622492,6.768589535539194
DAGMM_10_1e-06_5000_0.001_0.001_50_15_4,0.0,0.6257489799637679,6.895230798697567
LS_KMeans_4_0.1_1000,0.03215434083601286,0.6252911430519761,9.07122359747089
LS_IF_20_1.0_10000,0.0,0.6242387618095016,29.036583030070872
DAGMM_10_1e-06_5000_0.01_0.001_50_15_4,0.0,0.6222923605375668,6.895230798697567
DAGMM_20_1e-07_500_0.001_0.01_100_15_8,0.0,0.620234977208017,5.941647734066723
DAGMM_10_1e-07_1000_0.001_0.001_100_15_4,0.0,0.6176957359046775,6.876077379812298
DAGMM_10_1e-07_1000_0.01_0.001_100_15_4,0.0,0.616543529429277,6.876077379812298
VAE-static-beta0.8-z13_Radius,0.09999999999999999,0.6162277660168379,17.0
LS_OR_20_0.1_10000,0.03215434083601286,0.6120020504017083,44.01455659835281
LS_AND_4_1e-05_10000,0.0,0.6101142596380031,37.847155717295536
DAGMM_20_1e-06_1000_0.01_0.01_100_10_4,0.0,0.6085091315137816,6.780546967082898
LS_OR_20_0.1_1000,0.0844499493300304,0.6080367719411559,17.391304347826082
DAGMM_20_1e-07_1000_0.001_0.01_100_10_8,0.0,0.6046662419999652,6.389441629249578
ALAD_ld30_lr1e-5_bs10000_epoch2000_enc512_L_2,0.0,0.6036956521598766,22.305734442527456
LS_GMM_30_1e-05_10000,0.0,0.602885808018073,13.288122854068087
LS_Product_20_0.1_1000,0.0,0.600360285456939,22.047795562084694
LS_OR_4_1.0_1000,0.15037593984962408,0.6000434027777779,35.83604673434208
VAE-static-beta0.001-z8_Radius,0.0,0.6,10.0
LS_GMM_13_0.001_10000,0.0,0.5999965170675226,15.028783245930201
DAGMM_20_1e-07_1000_0.01_0.01_100_10_8,0.0,0.5998573122403985,6.392472412256123
LS_AND_30_0.1_1000,0.0,0.599770827080697,23.75600006832818
LS_IF_20_1e-05_10000,0.0,0.5968515232079155,10.983764260009794
DAGMM_20_1e-06_1000_0.001_0.001_50_15_4,0.0,0.5963662306121085,6.55591807451188
DAGMM_20_1e-07_500_0.01_0.01_100_15_8,0.0,0.5925169580052072,5.939427068208605
LS_AND_13_1e-05_1000,0.0,0.5917393250741634,47.921854050948085
LS_AND_20_0.1_1000,0.0,0.5907093886913581,16.49249932628679
LS_IF_30_0.001_10000,0.0,0.5896897642873051,13.793751387916162
LS_Product_30_0.1_1000,0.0,0.5892588860731199,19.72802145182915
LS_Average_20_0.1_1000,0.055555555555555566,0.585399839594287,22.051211971097178
LS_AE_30_0.1_10000,0.0,0.583304464306335,20.045779880767324
DAGMM_20_1e-06_1000_0.01_0.001_50_15_4,0.0,0.5815784920298074,6.552843306400642
LS_AND_13_1e-05_10000,0.0,0.5792592973188004,42.807891208580735
ALAD_ld20_lr1e-5_bs10000_epoch2000_enc512_L_2,0.0,0.5789859289423857,22.09733349276576
LS_Average_4_1e-05_10000,0.0,0.5780387403224612,36.96609844857307
LS_AE_20_1e-05_10000,0.0,0.5768486813909228,11.413628444372144
LS_AND_20_1e-05_10000,0.0,0.5767772491317154,30.932771499712697
LS_AE_30_0.001_1000,0.0,0.5679785237980146,15.249329247288799
LS_AE_30_0.001_10000,0.0,0.5646072765084014,13.11730240344374
LS_AE_20_0.1_10000,0.0,0.5642076029469503,17.516543402101984
DAGMM_20_1e-06_500_0.001_0.01_100_15_4,0.0,0.5640599852899734,11.110162108607643
LS_Product_13_0.1_10000,0.0,0.5621891418876425,15.725963409887115
LS_Average_13_0.1_10000,0.0,0.5621891418876425,15.725963409887115
LS_AND_30_1.0_10000,0.0,0.5621010171677496,25.363420508703303
LS_GMM_20_1e-05_10000,0.0,0.5600014503160735,11.62612526335951
LS_GMM_13_0.001_1000,0.0,0.5598663666945591,18.18042055994944
DAGMM_20_1e-06_500_0.01_0.01_100_15_4,0.0,0.5554543883850337,11.33393689892554
LS_OR_13_1.0_10000,0.06430868167202572,0.5547418818308549,44.18693736832025
LS_OR_4_0.1_1000,0.09213323883770376,0.554574008637613,22.141352231373297
DAGMM_20_1e-06_500_0.001_0.01_50_10_4,0.0,0.5527696944502182,6.803266087015937
VAE-dynamic-beta0.001-z13_RL,0.0,0.55,14.000000000000002
VAE-dynamic-beta0.001-z34_RL,0.0,0.55,15.178932768808222
VAE-static-beta0.1-z13_Radius,0.0,0.55,15.0
DAGMM_20_1e-06_1000_0.001_0.01_50_15_4,0.0,0.5497823061485907,6.593498573649237
DAGMM_20_1e-06_500_0.01_0.01_50_10_4,0.0,0.5485143998706667,6.809586443689038
LS_KMeans_20_1e-05_10000,0.0,0.5480770724376218,15.24230880921064
DAGMM_20_1e-06_500_0.001_0.01_100_15_8,0.0,0.5478556129934424,10.23214499239849
ALAD_ld30_lr1e-5_bs20000_epoch2000_enc512_L_sc,0.0,0.5478071382883227,15.350733726577168
ALAD_ld20_lr1e-5_bs20000_epoch2000_enc512_F_sc,0.027777777777777783,0.5465057360500467,14.649999999999999
LS_AE_13_0.1_10000,0.0,0.5464040739970899,20.24734801250405
VAE_HouseholderSNF,0.0967741935483871,0.545283176474742,0.9655093519418864
LS_Product_20_0.1_10000,0.0,0.5443518237562199,21.56674966481517
LS_Product_13_1e-05_1000,0.03215434083601286,0.5442279476051696,47.80693353763647
LS_OR_20_1.0_10000,0.0,0.542953890976839,51.23539551809998
LS_Product_30_0.1_10000,0.0,0.5422822136144085,15.622594798471107
KDE_VAE_b=1e-3_D=8,0.0,0.5416869819600195,1.4373989364401725
LS_KMeans_20_0.1_10000,0.06430868167202572,0.5404722009849571,14.71481606479919
LS_OR_13_0.1_1000,0.0,0.5402758087437872,12.870791089557185
LS_Average_20_0.1_10000,0.0,0.5391918050520419,21.56674966481517
DAGMM_20_1e-06_500_0.01_0.01_100_15_8,0.0,0.5386786637051739,10.269725491535848
LS_Average_30_0.1_10000,0.0,0.5362013790419389,15.596125895420553
LS_AE_20_0.1_1000,0.03215434083601286,0.5357975455625119,18.076220085068584
LS_AE_13_0.001_10000,0.0,0.5355612204771665,14.292547103739258
DAGMM_20_1e-06_1000_0.01_0.001_50_10_4,0.0,0.5354972743902999,6.608018311952307
LS_Average_13_1e-05_1000,0.03215434083601286,0.5352760126099899,47.63455276766903
LS_KMeans_4_0.001_10000,0.0,0.5347833783676003,16.9180574298355
ALAD_ld40_lr1e-5_bs20000_epoch2000_enc512_L_1,0.0,0.5343958788492529,14.752308873678281
LS_AE_30_0.1_1000,0.0687607438662291,0.5315278643848588,21.933107764170433
DAGMM_20_1e-06_5000_0.001_0.01_50_10_4,0.0,0.5288844385167848,6.5742505112167695
LS_AND_13_0.1_1000,0.03215434083601286,0.5280304473526651,15.12102628926735
LS_AE_13_0.001_1000,0.0,0.5257588864614948,15.633487641140398
DAGMM_10_1e-06_5000_0.001_0.001_100_10_4,0.0,0.5252905540082065,7.737981229649492
DAGMM_20_1e-06_1000_0.01_0.01_50_15_4,0.0,0.524473074416282,6.597427444013597
LS_AND_4_1.0_10000,0.0,0.5195236475978479,33.17372150928941
DAGMM_20_1e-06_1000_0.001_0.001_50_10_4,0.0,0.5186253826425085,6.602722877982951
KDE_PCA_D=6,0.0,0.5166852057842046,26.64714494875549
DAGMM_20_1e-06_1000_0.001_0.001_50_15_8,0.0,0.5149789611566429,6.608359952853555
DAGMM_20_1e-06_1000_0.01_0.01_100_15_4,0.0,0.5135511684327354,6.636716147657197
DAGMM_20_1e-06_1000_0.01_0.001_50_15_8,0.0,0.512771901256499,6.610409798261047
LS_GMM_20_1e-05_1000,0.0,0.5103543546243026,16.37484839685007
DAGMM_20_1e-06_5000_0.01_0.01_50_10_4,0.0,0.5098695347134453,6.573802781908984
DAGMM_20_1e-06_5000_0.001_0.01_50_15_4,0.0,0.5092842789437776,6.2752017743324755
LS_IF_20_1.0_1000,0.03215434083601286,0.5090087603062426,39.45604290365829
DAGMM_10_1e-07_5000_0.001_0.001_50_10_4,0.0,0.5078014904041724,5.726872246696035
DAGMM_10_1e-07_5000_0.01_0.001_50_10_4,0.0,0.5078014904041724,5.726872246696035
LS_Product_4_1.0_10000,0.0,0.5068644741847357,32.06641499120275
DAGMM_20_1e-07_500_0.001_0.01_50_10_8,0.0,0.5034973151923776,6.587418031559721
DAGMM_10_1e-06_5000_0.01_0.001_100_10_4,0.0,0.5029551422197136,7.737981229649492
DAGMM_20_1e-06_1000_0.001_0.01_100_15_4,0.0,0.5018189918740454,6.611776361866043
LS_AND_4_0.001_10000,0.0,0.5001192980339135,24.49052800601288
VAE-dynamic-beta0.001-z5_RL,0.0,0.5,18.0
VAE-static-beta0.001-z5_Radius,0.0,0.5,11.0
VAE-static-beta0.1-z34_Radius,0.0,0.5,15.0
DAGMM_20_1e-07_500_0.01_0.01_50_10_8,0.0,0.4998205642357606,6.594304877683624
DAGMM_20_1e-06_5000_0.01_0.01_50_15_4,0.0,0.49909035036359883,6.334439805824009
ALAD_ld20_lr1e-5_bs5000_epoch2000_enc512_L_2,0.0,0.4984628692631564,18.855
LS_AND_4_0.1_1000,0.03215434083601286,0.4969820486879854,17.734579183819886
DAGMM_10_1e-07_5000_0.001_0.01_50_10_4,0.0,0.49638007349147095,5.726872246696035
DAGMM_10_1e-07_5000_0.01_0.01_50_10_4,0.0,0.49638007349147095,5.726872246696035
DAGMM_20_1e-06_500_0.001_0.01_100_10_8,0.0,0.4952418901870601,11.147289791227733
LS_OR_30_0.1_1000,0.06430868167202572,0.49494473432161146,25.684734725148438
LS_AE_4_0.001_1000,0.0,0.49457257500891944,24.14376249124545
LS_GMM_30_1e-05_1000,0.0,0.49407252440725247,18.535727097248085
LS_KMeans_20_0.1_1000,0.05066996959801824,0.49301156772899046,10.413728690161342
LS_IF_4_1e-05_1000,0.0,0.4904231974155585,9.105842831085628
DAGMM_10_1e-07_5000_0.001_0.001_50_15_8,0.0,0.4904120086755187,6.301474813254165
LS_AE_30_1e-05_10000,0.0,0.49038392524706065,13.836456500572247
LS_Product_13_1.0_10000,0.0,0.49030519253487637,36.92284040245298
DAGMM_10_1e-07_5000_0.01_0.001_50_15_8,0.0,0.4896306365861298,6.301474813254165
DAGMM_10_1e-07_5000_0.001_0.001_50_10_8,0.0,0.48905213003252457,5.5161846389580536
DAGMM_10_1e-07_5000_0.01_0.001_50_10_8,0.0,0.48905213003252457,5.5161846389580536
DAGMM_20_1e-07_1000_0.01_0.01_100_10_4,0.0,0.48841803986875604,6.66252206628235
DAGMM_20_1e-07_1000_0.001_0.01_100_10_4,0.0,0.4880805184291229,6.672819840361402
DAGMM_20_1e-06_5000_0.001_0.01_50_15_8,0.0,0.4874829134730069,6.255103260962402
DAGMM_20_1e-07_1000_0.001_0.01_100_15_4,0.0,0.48671686516561186,6.597704638801499
LS_OR_13_0.1_10000,0.027777777777777783,0.48655858102958494,26.987167209346868
LS_Average_4_0.001_10000,0.0,0.4845339159079024,25.841717770451478
LS_Product_4_0.001_10000,0.0,0.4845339159079024,23.438274030166887
DAGMM_20_1e-07_1000_0.01_0.01_100_15_4,0.0,0.48406136327019966,6.593743956463403
DAGMM_20_1e-06_500_0.01_0.01_100_10_8,0.0,0.48400534037541426,11.147289791227733
DAGMM_10_1e-07_5000_0.01_0.001_50_15_4,0.0,0.48292525188139235,6.109940624401456
DAGMM_10_1e-07_5000_0.001_0.001_50_15_4,0.0,0.48292525188139235,6.109940624401456
DAGMM_10_1e-07_5000_0.01_0.01_50_15_4,0.0,0.4819954517884124,6.109940624401456
DAGMM_10_1e-07_5000_0.001_0.01_50_15_4,0.0,0.4819954517884124,6.109940624401456
DAGMM_20_1e-06_5000_0.01_0.01_50_15_8,0.0,0.48010607852944875,6.255615722314275
DAGMM_20_1e-07_1000_0.001_0.001_100_10_8,0.0,0.4791571621494558,6.633006372684534
LS_IF_4_0.001_10000,0.0,0.47797506463547546,10.879554500264772
LS_KMeans_4_1e-05_10000,0.03215434083601286,0.4778310768828552,10.1130051714231
DAGMM_10_1e-07_5000_0.01_0.01_50_10_8,0.0,0.4764737422274523,5.477877801187512
DAGMM_10_1e-07_5000_0.001_0.01_50_10_8,0.0,0.4764737422274523,5.477877801187512
LS_KMeans_13_1e-05_1000,0.0,0.47546132705143307,19.589689277600314
DAGMM_20_1e-06_1000_0.001_0.01_100_15_8,0.0,0.4752855793969477,6.336755436360841
DAGMM_20_1e-06_5000_0.001_0.01_100_15_4,0.0,0.47515050267326564,6.105297608599361
DAGMM_20_1e-07_1000_0.001_0.01_100_15_8,0.0,0.47453332503731976,6.472684839781576
DAGMM_20_1e-07_1000_0.01_0.001_100_10_8,0.0,0.47399714344527766,6.602732983335082
DAGMM_20_1e-06_5000_0.01_0.001_50_10_8,0.0,0.47378647752644354,6.657769247476634
DAGMM_10_1e-06_5000_0.001_0.001_100_15_4,0.0,0.4733228814352877,8.006129094043287
DAGMM_20_1e-06_5000_0.001_0.001_50_10_8,0.0,0.4725353314094769,6.674266350432706
DAGMM_10_1e-07_5000_0.01_0.01_50_15_8,0.0,0.47127558387667495,6.301474813254165
DAGMM_10_1e-07_5000_0.001_0.01_50_15_8,0.0,0.47127558387667495,6.301474813254165
DAGMM_20_1e-07_1000_0.001_0.001_100_15_8,0.0,0.4711174081260531,6.73729286068242
LS_KMeans_4_1.0_10000,0.0,0.46990532655596234,16.37484839685007
DAGMM_20_1e-07_1000_0.01_0.01_100_15_8,0.0,0.4696994848426294,6.48580675257127
VAE_OrthogonalSNF,0.30120481927710846,0.46921710523228255,0.8888888888888888
DAGMM_20_1e-07_1000_0.01_0.001_100_15_8,0.0,0.46823689193755214,6.738532726457822
LS_OR_20_1.0_1000,0.0,0.46735532151796233,41.0457766711358
DAGMM_20_1e-06_5000_0.01_0.01_100_15_4,0.0,0.46715057522296277,6.105297608599361
DAGMM_20_1e-06_5000_0.01_0.001_50_10_4,0.0,0.4666171222642772,6.630423318985775
LS_IF_30_0.001_1000,0.0,0.46603559836356057,14.940885499495604
DAGMM_20_1e-06_1000_0.01_0.01_100_15_8,0.0,0.4659809609108033,6.352129276917032
DAGMM_10_1e-06_5000_0.01_0.001_100_15_4,0.0,0.46439592861116663,8.006129094043287
LS_AND_13_1.0_1000,0.0,0.4637637410857327,19.632254357402793
DAGMM_20_1e-06_5000_0.001_0.001_50_10_4,0.0,0.463399084636143,6.593261786439633
LS_KMeans_13_0.1_10000,0.0,0.4629621422043354,16.186945901163288
LS_KMeans_13_1e-05_10000,0.0,0.46236762772706985,13.091679335850086
DAGMM_20_1e-06_5000_0.01_0.001_50_15_4,0.0,0.4619229242260876,6.581551943005261
DAGMM_20_1e-06_5000_0.001_0.001_50_15_4,0.0,0.46055927096257665,6.532473922728845
LS_AND_30_1.0_1000,0.0,0.4590181666716878,16.51024707910362
LS_AND_13_1.0_10000,0.0,0.45718632067506937,34.358825438581505
DAGMM_20_1e-07_1000_0.01_0.001_100_15_4,0.0,0.4557740674962585,6.704195332622325
DAGMM_20_1e-07_1000_0.001_0.001_100_15_4,0.0,0.45508545711201387,6.684254158067908
DAGMM_20_1e-06_5000_0.001_0.001_100_15_4,0.0,0.4529261526018403,6.0568428656739695
LS_KMeans_4_1e-05_1000,0.0,0.4513580771717279,12.115865035101766
LS_IF_4_0.1_1000,0.10168095370316332,0.45133889516101444,16.730154934148715
LS_KMeans_4_0.001_1000,0.06430868167202572,0.45117197530311987,22.65591636630737
VAE-static-beta0.001-z21_RL,0.0,0.44999999999999996,5.0
VAE-static-beta0.1-z8_Radius,0.0,0.44999999999999996,15.0
DAGMM_20_1e-07_1000_0.01_0.001_100_10_4,0.0,0.44847472219526885,6.499858564692516
DAGMM_20_1e-06_5000_0.001_0.001_50_15_8,0.0,0.448249656182762,6.411449246763002
DAGMM_20_1e-07_500_0.01_0.01_50_15_4,0.0,0.44822493170226224,6.581728897805192
DAGMM_20_1e-07_500_0.001_0.01_50_15_4,0.0,0.4468769205234141,6.5709494864808216
LS_Product_4_1.0_1000,0.0,0.44604418287352743,24.90049708751132
DAGMM_20_1e-06_5000_0.01_0.001_50_15_8,0.0,0.44570666143389426,6.450573900120201
DAGMM_20_1e-06_5000_0.01_0.001_100_15_4,0.0,0.4454469770394619,6.0568428656739695
DAGMM_20_1e-07_1000_0.001_0.001_100_10_4,0.0,0.445316533735886,6.487322144074543
DAGMM_20_1e-07_500_0.001_0.01_50_10_4,0.0,0.4445072469619282,6.616163128424708
DAGMM_20_1e-07_500_0.01_0.01_50_10_4,0.0,0.4444663131782111,6.625744827379704
LS_IF_13_1e-05_1000,0.0,0.44301330074639533,40.3179467534955
LS_Product_13_1.0_1000,0.0,0.44256110921247344,22.67764796016089
DAGMM_20_1e-07_500_0.001_0.01_50_15_8,0.0,0.44058601477653525,6.404168039045423
LS_KMeans_30_0.1_1000,0.0,0.4387826659752798,11.07748790200014
DAGMM_20_1e-07_5000_0.01_0.001_50_10_4,0.0,0.438286680985704,7.636314639039434
DAGMM_20_1e-07_5000_0.001_0.001_50_10_4,0.0,0.438286680985704,7.635116926670059
DAGMM_20_1e-07_5000_0.001_0.001_100_10_4,0.0,0.4379806692995219,7.492888582806839
DAGMM_20_1e-07_500_0.01_0.01_50_15_8,0.0,0.4377671910676877,6.416145162739168
DAGMM_20_1e-07_5000_0.01_0.001_100_10_4,0.0,0.4371636758354696,7.492589154714495
DAGMM_20_1e-07_5000_0.001_0.01_50_10_4,0.0,0.43665269405759943,7.671647153935981
DAGMM_20_1e-07_5000_0.01_0.01_50_10_4,0.0,0.43665269405759943,7.671347725843638
DAGMM_20_1e-07_5000_0.001_0.01_100_10_4,0.0,0.4363466823714173,7.51444740545558
DAGMM_20_1e-07_5000_0.01_0.01_100_10_4,0.0,0.4363466823714173,7.514746833547924
LS_GMM_4_0.1_1000,0.027777777777777783,0.43623183962466927,17.352997510055545
DAGMM_20_1e-06_500_0.001_0.01_100_10_4,0.0,0.4354159603381943,8.631557370048343
DAGMM_20_1e-07_5000_0.001_0.01_50_10_8,0.0,0.4315804060139956,7.669551157289576
DAGMM_20_1e-07_5000_0.01_0.01_50_10_8,0.0,0.4315804060139956,7.669551157289576
DAGMM_20_1e-07_500_0.01_0.001_50_10_8,0.0,0.4310669474836378,6.702398419019673
LS_AE_4_0.001_10000,0.0,0.4307525292197427,18.393946123229878
DAGMM_20_1e-07_500_0.001_0.001_50_10_8,0.0,0.4297189363047895,6.690121867233583
LS_Product_4_0.1_1000,0.03215434083601286,0.42937702504237607,17.362190601458806
LS_AND_4_1.0_1000,0.0,0.42911217468713286,24.452947506875518
KDE_VAE_b=1e-5_D=9,0.0,0.42731593579051214,2.091254752851711
DAGMM_20_1e-07_5000_0.01_0.001_50_10_8,0.0,0.4265081179703919,7.631523789561936
DAGMM_20_1e-07_5000_0.001_0.001_50_10_8,0.0,0.4265081179703919,7.632122645746624
DAGMM_20_1e-06_500_0.01_0.01_50_10_8,0.0,0.4264711508254774,6.603235339334825
DAGMM_20_1e-07_500_0.001_0.001_50_15_4,0.0,0.4255111676333768,6.567534571599994
DAGMM_20_1e-07_500_0.01_0.001_50_15_4,0.0,0.4255111676333768,6.585237099615489
DAGMM_20_1e-07_1000_0.001_0.01_50_10_4,0.0,0.4247384466153952,7.078480103003264
DAGMM_20_1e-07_1000_0.01_0.01_50_10_4,0.0,0.42310445968729066,7.079378387280295
DAGMM_20_1e-07_500_0.01_0.001_100_15_4,0.0,0.42305432338543236,6.394297770203244
DAGMM_20_1e-07_5000_0.01_0.001_100_10_8,0.0,0.4227638051687106,7.503967422223552
DAGMM_20_1e-07_5000_0.001_0.001_100_15_8,0.0,0.4224577934825285,7.340479683803934
DAGMM_20_1e-07_5000_0.01_0.001_100_15_8,0.0,0.4224577934825285,7.340180255711591
DAGMM_20_1e-06_5000_0.001_0.001_100_15_8,0.0,0.42225428749314703,5.958046497326659
DAGMM_20_1e-07_5000_0.001_0.001_100_10_8,0.0,0.4219468117046583,7.504266850315897
DAGMM_20_1e-07_5000_0.001_0.01_100_10_8,0.0,0.4219468117046583,7.509656555978081
DAGMM_20_1e-07_5000_0.01_0.01_100_10_8,0.0,0.4219468117046583,7.511153696439799
DAGMM_20_1e-06_1000_0.01_0.01_100_10_8,0.0,0.42173317941011557,6.392955364616252
DAGMM_20_1e-07_5000_0.001_0.01_100_15_8,0.0,0.42164080001847615,7.317423720693475
DAGMM_20_1e-07_5000_0.01_0.01_100_15_8,0.0,0.42164080001847615,7.318322004970506
DAGMM_20_1e-06_500_0.01_0.01_100_10_4,0.0,0.4215309016853368,8.525648690661246
LS_Average_4_0.1_1000,0.0,0.421113700431441,17.362190601458806
DAGMM_20_1e-06_1000_0.001_0.01_100_10_8,0.0,0.4209014789328458,6.384585162535658
DAGMM_20_1e-06_5000_0.001_0.001_100_10_8,0.0,0.42088033276591796,5.751524572521822
DAGMM_20_1e-07_5000_0.01_0.01_50_15_8,0.0,0.4206534792951338,7.5533730574602505
DAGMM_20_1e-07_5000_0.001_0.01_50_15_8,0.0,0.4206534792951338,7.552774201275564
DAGMM_20_1e-07_1000_0.001_0.001_50_10_4,0.0,0.4198364858310815,7.110219480791687
DAGMM_20_1e-07_1000_0.01_0.001_50_10_4,0.0,0.4198364858310815,7.1117166212534055
DAGMM_20_1e-07_500_0.001_0.001_50_10_4,0.0,0.41970978508081336,6.60388657663862
DAGMM_20_1e-07_500_0.01_0.001_50_10_4,0.0,0.4194238093315569,6.611971135131897
LS_Product_13_0.1_1000,0.03215434083601286,0.4192632130406139,20.53774277856545
DAGMM_20_1e-07_5000_0.001_0.001_50_15_8,0.0,0.41901949236702923,7.546486211336347
DAGMM_20_1e-07_5000_0.01_0.001_50_15_8,0.0,0.41901949236702923,7.545587927059316
LS_Average_13_0.1_1000,0.03215434083601286,0.4186386035643078,20.53945098307169
LS_KMeans_4_1.0_1000,0.0,0.41839928844657676,16.767735433286074
DAGMM_20_1e-07_500_0.001_0.001_100_15_4,0.0,0.4165057409826196,6.361647971450934
DAGMM_20_1e-07_500_0.01_0.001_100_10_4,0.0,0.4149976616986234,6.474096909136899
DAGMM_20_1e-07_500_0.001_0.001_100_10_8,0.0,0.4135336633903446,6.300309056284412
DAGMM_20_1e-07_5000_0.01_0.01_100_15_4,0.0,0.41343622254555534,7.5036679941312086
DAGMM_20_1e-07_5000_0.001_0.001_100_15_4,0.0,0.41343622254555534,7.49797886037668
DAGMM_20_1e-07_5000_0.01_0.001_100_15_4,0.0,0.41343622254555534,7.497080576099649
DAGMM_20_1e-07_5000_0.001_0.01_100_15_4,0.0,0.41343622254555534,7.5036679941312086
DAGMM_20_1e-07_500_0.01_0.001_100_10_8,0.0,0.4122655386373264,6.377387378655371
DAGMM_20_1e-07_5000_0.01_0.01_50_15_4,0.0,0.41129125383958054,7.649489475102554
DAGMM_20_1e-07_5000_0.001_0.01_50_15_4,0.0,0.41129125383958054,7.64919004701021
DAGMM_20_1e-07_500_0.001_0.001_100_10_4,0.0,0.41072404880837,6.4214714951141865
DAGMM_20_1e-07_5000_0.01_0.001_50_15_4,0.0,0.41047426037552837,7.620744378237566
DAGMM_20_1e-07_5000_0.001_0.001_50_15_4,0.0,0.41047426037552837,7.618947809683505
DAGMM_20_1e-07_1000_0.01_0.01_50_15_8,0.0,0.41003256426245405,6.9203820702458305
LS_Average_13_1.0_1000,0.0,0.40991302888196474,22.67764796016089
DAGMM_20_1e-07_1000_0.001_0.01_50_15_8,0.0,0.4092155707984019,6.9203820702458305
DAGMM_20_1e-07_1000_0.001_0.01_50_10_8,0.0,0.4090041987968832,7.05093271850765
DAGMM_20_1e-07_1000_0.01_0.01_50_10_8,0.0,0.4090041987968832,7.053028715154055
LS_Product_20_1.0_10000,0.0,0.40867528445762236,26.81368613450402
DAGMM_20_1e-07_1000_0.01_0.001_50_15_8,0.0,0.4083985773343495,7.002425367547983
LS_Product_30_1.0_1000,0.0,0.4078611418727698,16.491093660218347
DAGMM_20_1e-07_1000_0.001_0.001_50_15_8,0.0,0.4075815838702972,7.0033236518250135
DAGMM_20_1e-06_5000_0.01_0.001_100_15_8,0.0,0.4074459497944419,5.965220956252882
DAGMM_20_1e-07_1000_0.001_0.01_50_15_4,0.0,0.4070433023358051,7.040153307183281
DAGMM_20_1e-07_1000_0.01_0.01_50_15_4,0.0,0.4067573265865486,7.040153307183281
DAGMM_20_1e-06_500_0.001_0.01_50_15_8,0.0,0.4061588896800977,6.570266992364325
LS_AE_13_1e-05_10000,0.0,0.40513060347814034,16.393688055813396
DAGMM_20_1e-07_1000_0.001_0.001_50_15_4,0.0,0.4048373639091875,7.070694972602329
LS_AND_20_1.0_1000,0.0,0.40417859159110797,18.368128710974908
DAGMM_20_1e-07_500_0.001_0.001_50_15_8,0.0,0.404024295602478,6.647058184805782
DAGMM_20_1e-07_1000_0.01_0.001_50_15_4,0.0,0.4037343946958788,7.071593256879359
DAGMM_20_1e-07_500_0.01_0.001_100_15_8,0.0,0.40293141258086007,6.153143876887131
DAGMM_20_1e-07_500_0.01_0.001_50_15_8,0.0,0.4023903086743735,6.652878665806985
LS_IF_4_1e-05_10000,0.0,0.4019409864553327,12.124114154376555
LS_AND_20_1.0_10000,0.0,0.40178918061517643,27.594335593857288
DAGMM_20_1e-06_5000_0.01_0.001_100_10_8,0.0,0.40161872831673984,5.753061956577441
DAGMM_20_1e-06_500_0.001_0.01_50_10_8,0.0,0.40155279391286425,6.598110725816094
DAGMM_20_1e-07_1000_0.01_0.001_50_10_8,0.0,0.4006705290214919,7.128784022516992
DAGMM_20_1e-07_1000_0.001_0.001_50_10_8,0.0,0.400098577522979,7.12698745396293
VAE-dynamic-beta0.1-z5_RL,0.0,0.39999999999999997,12.0
VAE-static-beta0.001-z5_RL,0.09999999999999999,0.39999999999999997,10.0
LS_IF_4_0.1_10000,0.0,0.3998238726327508,13.732256025691393
DAGMM_20_1e-07_500_0.001_0.001_100_15_8,0.0,0.3991372717150257,6.067834223396125
LS_AE_13_1e-05_1000,0.0,0.39773114690854605,17.411728532139865
DAGMM_20_1e-06_5000_0.01_0.001_100_10_4,0.0,0.39740022719258916,5.795254607881655
LS_Product_20_1.0_1000,0.0,0.3970810409605514,18.32982187320437
KDE_VAE_b=1e-3_D=7,0.20401791355925028,0.3962001853568119,1.140684410646388
DAGMM_20_1e-06_5000_0.001_0.001_100_10_4,0.0,0.39429580899841576,5.790813276165423
DAGMM_20_1e-06_500_0.01_0.01_50_15_8,0.0,0.38881040179495596,6.57675816948805
LS_Average_4_1.0_10000,0.0,0.3865434504151015,32.06641499120275
DAGMM_20_1e-06_1000_0.001_0.01_50_15_8,0.0,0.38014633683903276,6.604772723390444
LS_AND_4_0.1_10000,0.0,0.3791298981975928,17.519345416033207
LS_KMeans_20_1.0_1000,0.0,0.37910581723288383,16.120325925419788
LS_GMM_13_0.1_1000,0.0,0.3741830065359477,39.24535529592032
KDE_PCA_D=5,0.0,0.37402669632925467,20.790629575402637
DAGMM_20_1e-06_1000_0.001_0.001_50_10_8,0.0,0.370880377124453,6.5863241147230145
LS_Product_4_0.1_10000,0.0,0.37086657358665764,20.612903776840167
LS_GMM_13_0.1_10000,0.0,0.37010757174066145,20.66073350301498
DAGMM_20_1e-06_5000_0.001_0.01_100_10_4,0.0,0.3696327933142288,5.7853470217454435
DAGMM_20_1e-06_1000_0.01_0.01_50_15_8,0.0,0.369226582473729,6.595377598606104
LS_KMeans_30_0.1_10000,0.0,0.3687534217250468,11.20986756044114
LS_Average_13_1.0_10000,0.0,0.3684130053741569,32.28164875898943
DAGMM_20_1e-06_1000_0.01_0.001_50_10_8,0.0,0.3661534944051531,6.593156932747989
KDE_VAE_b=1e-3_D=6,0.0,0.36435306464808404,2.8571428571428568
LS_KMeans_13_1.0_1000,0.0,0.3636602574720259,16.004168018995234
DAGMM_20_1e-06_5000_0.01_0.01_100_10_4,0.0,0.3628505902168264,5.781418151381083
DAGMM_20_1e-06_5000_0.001_0.01_100_15_8,0.0,0.3606460926754431,5.9916981260996565
LS_Average_4_0.1_10000,0.0,0.3588679877133421,20.612903776840167
KDE_VAE_b=1e-5_D=7,0.0,0.3586183889758525,3.4220532319391634
LS_OR_4_0.1_10000,0.0,0.3560847156496281,22.934353700825064
LS_KMeans_30_1.0_1000,0.03215434083601286,0.354901101479682,16.502963734818334
DAGMM_20_1e-06_1000_0.01_0.01_50_10_8,0.0,0.35463572296912366,6.6143386686254075
DAGMM_20_1e-06_5000_0.01_0.01_100_15_8,0.0,0.35373285382304076,5.990673203395911
DAGMM_20_1e-06_1000_0.001_0.01_50_10_8,0.0,0.35345088618838066,6.61245964366854
LS_Average_30_1.0_10000,0.0,0.3514700666401496,24.692096137749612
VAE-dynamic-beta0.5-z5_RL,0.0,0.35,12.0
LS_Average_4_1.0_1000,0.0,0.34635840742178403,24.90049708751132
LS_Average_30_0.1_1000,0.0,0.3452177710723786,19.72802145182915
LS_AE_13_1.0_1000,0.0,0.3437167101481873,16.902683589279306
LS_KMeans_13_1.0_10000,0.055555555555555566,0.34273595532935686,15.279889308347993
LS_GMM_30_0.1_10000,0.0,0.3421698525993382,13.736919619348566
LS_AE_20_1.0_1000,0.0,0.3393115152313972,15.049281700005123
LS_VAE_20_1.0_1000,0.0,0.33531821218357033,14.951914043149245
LS_AE_13_1.0_10000,0.0,0.33339074028847726,18.547684528791784
LS_VAE_13_1.0_10000,0.0,0.33339074028847726,16.50125553031209
LS_Average_20_1.0_10000,0.0,0.3308125511809007,26.772689226354178
KDE_VAE_b=1e-5_D=4,0.0,0.3291516981462024,1.023890784982935
LS_GMM_4_0.001_10000,0.0,0.3291350820345146,17.731162774807395
LS_GMM_30_0.1_1000,0.0,0.3278423772609819,8.862220886681543
LS_GMM_13_1e-05_10000,0.0,0.32769466652813345,12.398984948485046
LS_Average_20_1.0_1000,0.0,0.3267781690573538,18.32982187320437
LS_GMM_4_0.001_1000,0.0,0.3262865109977917,20.92038058796399
LS_GMM_20_0.1_1000,0.0,0.3260795252550113,22.50526719019345
LS_GMM_13_1e-05_1000,0.0,0.32153635169490435,24.7194274098495
LS_GMM_4_0.1_10000,0.0,0.32040000923808865,11.737073162399001
KDE_VAE_b=1e-5_D=6,0.0,0.3197226502311248,1.743461067393213
DAGMM_20_1e-06_5000_0.001_0.01_100_10_8,0.0,0.31728602013651097,5.876565142378845
LS_AE_20_1.0_10000,0.0,0.31714399548584715,16.185237696657044
LS_VAE_20_1.0_10000,0.0,0.31714399548584715,15.00316017833655
LS_KMeans_4_0.1_10000,0.0,0.31678077788400605,11.202393925072732
VAE-static-beta0.001-z34_RL,0.0,0.31622776601683794,1.2649110640673518
VAE-static-beta1e-06-z5_RL,0.09999999999999999,0.31622776601683794,10.0
VAE-static-beta0.001-z8_RL,0.09999999999999999,0.31622776601683794,10.0
LS_VAE_13_1.0_1000,0.0,0.3148186201867207,15.469500008541026
LS_AE_30_1.0_10000,0.0,0.31397447617594676,14.975828906236654
LS_VAE_30_1.0_10000,0.0,0.31397447617594676,15.285013921866724
LS_AE_4_1e-05_1000,0.0,0.31396813917367306,8.575620564721383
LS_VAE_30_1.0_1000,0.0,0.3131638906478613,14.58635827881314
LS_GMM_13_1.0_1000,0.0,0.3104094491108829,16.897558975760578
LS_AE_4_0.1_10000,0.0,0.3104025277170153,23.081259288362
DAGMM_20_1e-06_5000_0.01_0.01_100_10_8,0.0,0.31001943882990823,5.878614987786338
LS_Average_30_1.0_1000,0.0,0.30944332995626816,16.491093660218347
VAE-static-beta0.5-z8_RL,0.09999999999999999,0.30811388300841897,0.7999999999999999
VAE-dynamic-beta0.1-z34_Radius,0.0,0.30811388300841897,28.000000000000004
LS_AE_30_1.0_1000,0.0,0.308066109187779,15.773560410652362
KDE_VAE_b=1e-1_D=9,0.0,0.3076864995469647,1.4285714285714284
KDE_VAE_b=1e-1_D=10,0.0,0.3076864995469647,1.4285714285714284
KDE_PCA_D=3,0.0,0.304147465437788,8.333967479213884
LS_AE_4_1.0_1000,0.0,0.3008099936515062,16.678908798961412
VAE-static-beta1e-06-z8_RL,0.0,0.3,12.0
VAE-dynamic-beta0.5-z34_RL,0.0,0.3,7.3
LS_VAE_4_1.0_1000,0.0,0.2957122121914238,16.133991561469742
DAGMM_20_1e-06_1000_0.01_0.01_50_10_4,0.0,0.2934385948385302,6.6358620454040755
KDE_VAE_b=1e-3_D=5,0.0,0.2923339739483237,1.3307984790874523
KDE_VAE_b=1e-5_D=5,0.0,0.29114683383807505,1.7110266159695817
DAGMM_20_1e-06_1000_0.001_0.01_50_10_4,0.0,0.28788281498826934,6.634324661348456
LS_VAE_4_1.0_10000,0.0,0.2844169372731401,15.433627713909909
LS_GMM_13_1.0_10000,0.0,0.2842730213462742,18.754377274047247
LS_KMeans_13_0.1_1000,0.02344116268166901,0.2816749016033347,9.71987850151873
LS_AE_4_1e-05_10000,0.0,0.2786889750180557,25.78050181957479
LS_GMM_4_1.0_10000,0.0,0.27775692919765504,17.420269554671087
LS_GMM_20_0.1_10000,0.0,0.2773284042787707,18.42558896763072
LS_AE_4_1.0_10000,0.0,0.2762872055057092,17.444184417758493
KDE_VAE_b=1e-1_D=8,0.0,0.27335464404146625,0.4517539514526256
KDE_PCA_D=4,0.0,0.2678704894017758,16.34383622312501
LS_KMeans_20_1.0_10000,0.06430868167202572,0.2649677895308433,13.780085751866213
KDE_VAE_b=1e-5_D=8,0.0,0.2633390705679862,2.224415844605134
LS_GMM_4_1.0_1000,0.0,0.2589055775640835,16.661826753898975
LS_GMM_4_1e-05_1000,0.0,0.25600399913105076,12.752728223224205
LS_GMM_4_1e-05_10000,0.0,0.25585550730870765,27.695843708101897
VAE-static-beta1e-06-z34_Radius,0.0,0.25,14.000000000000002
VAE-static-beta1e-06-z21_Radius,0.0,0.25,11.0
VAE-static-beta1e-06-z21_RL,0.0,0.25,9.0
VAE-dynamic-beta0.5-z8_RL,0.0,0.25,12.0
VAE-dynamic-beta0.5-z13_RL,0.0,0.25,10.0
VAE-dynamic-beta0.5-z8_Radius,0.0,0.25,28.999999999999996
LS_GMM_20_1.0_1000,0.0,0.24632397359088617,14.957038656667976
KDE_PCA_D=2,0.0,0.2405278842060451,4.326500732064422
LS_KMeans_30_1.0_10000,0.027777777777777783,0.23994515047221981,16.40388787345621
VAE_IAF,0.04575911096584409,0.23731199033524614,0.5571030640668525
LS_GMM_20_1.0_10000,0.0,0.21915226825323642,16.15449001554466
LS_GMM_30_1.0_1000,0.0,0.21770606772569862,15.819681932320933
VAE-static-beta1e-06-z34_RL,0.09999999999999999,0.19999999999999998,5.0
VAE-dynamic-beta0.1-z13_Radius,0.0,0.19999999999999998,24.0
VAE-static-beta1e-06-z5_Radius,0.0,0.19999999999999998,10.119288512538814
VAE-dynamic-beta0.5-z5_Radius,0.0,0.19999999999999998,28.999999999999996
VAE-static-beta1e-06-z8_Radius,0.0,0.19999999999999998,7.000000000000001
VAE-static-beta0.5-z8_Radius,0.0,0.19999999999999998,3.3
VAE-dynamic-beta0.5-z34_Radius,0.0,0.19999999999999998,27.0
VAE-static-beta0.5-z13_Radius,0.0,0.19999999999999998,4.0
VAE-dynamic-beta0.5-z21_RL,0.09999999999999999,0.19999999999999998,7.3999999999999995
VAE-static-beta1e-06-z13_Radius,0.0,0.19999999999999998,22.0
VAE-static-beta1e-06-z13_RL,0.0,0.19999999999999998,11.0
VAE-static-beta0.5-z34_Radius,0.0,0.19999999999999998,3.4
KDE_VAE_b=1e-3_D=3,0.0,0.19493087557603686,0.8379888268156422
LS_VAE_20_0.1_10000,0.08849557522123894,0.18731002122937374,4.615973951350316
LS_GMM_30_1.0_10000,0.0,0.1853617597630161,16.021250064057668
LS_VAE_30_0.1_10000,0.03215434083601286,0.18519872925353947,13.196705611951733
KDE_VAE_b=1e-1_D=4,0.0,0.16951316839584996,1.2162606385263
LS_VAE_4_0.1_1000,0.03215434083601286,0.16621380480822961,6.0111716574708325
LS_VAE_30_0.1_1000,0.03215434083601286,0.15687555449150126,3.2752346293813446
LS_VAE_20_0.1_1000,0.03215434083601286,0.15631751311683412,7.431526527485156
KDE_VAE_b=1e-3_D=2,0.0,0.1545014137266555,0.49278518921862235
KDE_VAE_b=1e-1_D=7,0.0,0.15438614412021745,0.3811598148652328
LS_VAE_13_0.1_10000,0.027777777777777783,0.15360916036849076,9.902317563685116
LS_VAE_4_0.1_10000,0.0,0.1518102953568108,6.562921712987479
VAE-dynamic-beta0.8-z8_RL,0.0,0.15,10.0
VAE-static-beta0.8-z8_RL,0.0,0.15,1.4999999999999998
VAE-static-beta0.999-z21_RL,0.0,0.15,7.000000000000001
VAE-static-beta0.999-z8_RL,0.0,0.15,7.000000000000001
VAE-dynamic-beta0.5-z21_Radius,0.0,0.15,23.0
VAE-static-beta0.001-z13_RL,0.0,0.15,6.0
VAE-static-beta0.5-z21_Radius,0.0,0.15,2.1999999999999997
VAE-dynamic-beta0.5-z13_Radius,0.0,0.15,26.0
VAE-dynamic-beta0.8-z21_RL,0.0,0.15,8.0
VAE-dynamic-beta0.001-z34_Radius,0.0,0.15,23.0
VAE-static-beta0.999-z13_RL,0.0,0.15,7.000000000000001
VAE-static-beta0.5-z5_Radius,0.0,0.15,8.0
VAE-dynamic-beta0.1-z5_Radius,0.0,0.15,22.0
KDE_VAE_b=1e-5_D=3,0.0,0.14641304114988324,0.5586592178770949
LS_VAE_13_0.1_1000,0.06430868167202572,0.1420777988614801,7.610051075314736
KDE_VAE_b=1e-5_D=2,0.0,0.14105747345970807,1.520912547528517
CNN_VAE,0.045605306799339995,0.12957317073170999,0.15700483091788
CNN_BVAE,0.0393864013267,0.11411149825783995,0.18115942028985998
VAE_ConvolutionalFlow,0.060240963855421686,0.1104408433421577,0.2101127434233003
KDE_VAE_b=1e-3_D=4,0.0,0.10957316423318766,1.140684410646388
KDE_VAE_b=1e-1_D=3,0.0,0.10952974748806982,0.8108404256841999
KDE_VAE_b=1e-1_D=2,0.0,0.10862090420271535,0.8108404256841999
VAE-dynamic-beta0.8-z34_RL,0.09999999999999999,0.09999999999999999,8.0
VAE-dynamic-beta0.8-z5_Radius,0.0,0.09999999999999999,27.0
VAE-static-beta0.1-z34_RL,0.0,0.09999999999999999,1.0
VAE-dynamic-beta1-z5_RL,0.0,0.09999999999999999,24.0
VAE-dynamic-beta0.8-z34_Radius,0.0,0.09999999999999999,25.0
VAE-dynamic-beta0.1-z21_Radius,0.0,0.09999999999999999,23.0
VAE-dynamic-beta1e-06-z5_Radius,0.0,0.09999999999999999,23.0
VAE-static-beta1-z13_RL,0.0,0.09999999999999999,27.0
VAE-static-beta0.1-z21_RL,0.0,0.09999999999999999,0.19999999999999998
VAE-static-beta0.999-z5_RL,0.0,0.09999999999999999,7.000000000000001
VAE-dynamic-beta0.8-z8_Radius,0.0,0.09999999999999999,27.0
VAE-static-beta0.8-z13_RL,0.09999999999999999,0.09999999999999999,1.9
VAE-dynamic-beta0.001-z21_Radius,0.0,0.09999999999999999,26.0
VAE-dynamic-beta0.8-z13_RL,0.0,0.09999999999999999,8.0
VAE-dynamic-beta1e-06-z21_Radius,0.0,0.09999999999999999,25.0
VAE-dynamic-beta0.8-z13_Radius,0.0,0.09999999999999999,25.0
VAE-static-beta0.8-z21_RL,0.09999999999999999,0.09999999999999999,2.3
VAE-static-beta0.8-z34_RL,0.09999999999999999,0.09999999999999999,1.0
VAE-dynamic-beta0.8-z21_Radius,0.0,0.09999999999999999,24.0
VAE-static-beta1-z8_RL,0.0,0.09999999999999999,31.0
VAE-dynamic-beta1-z8_RL,0.0,0.09999999999999999,22.0
VAE-dynamic-beta0.8-z5_RL,0.0,0.09999999999999999,11.0
VAE-dynamic-beta1e-06-z34_Radius,0.0,0.09999999999999999,25.0
VAE-static-beta0.8-z5_RL,0.09999999999999999,0.09999999999999999,1.5811388300841898
VAE-dynamic-beta1-z13_RL,0.0,0.09999999999999999,22.0
VAE-dynamic-beta1-z34_RL,0.0,0.09999999999999999,20.0
VAE-static-beta1-z34_RL,0.0,0.09999999999999999,28.999999999999996
VAE-dynamic-beta1e-06-z13_Radius,0.0,0.09999999999999999,24.0
VAE-static-beta0.999-z34_RL,0.0,0.09999999999999999,6.0
VAE-dynamic-beta1-z21_RL,0.0,0.09999999999999999,23.0
VAE-dynamic-beta0.999-z13_RL,0.0,0.09999999999999999,24.0
VAE-static-beta0.5-z13_RL,0.0,0.09999999999999999,0.19999999999999998
VAE-dynamic-beta0.001-z5_Radius,0.0,0.09999999999999999,25.0
VAE-static-beta1-z21_RL,0.0,0.09999999999999999,27.0
VAE-dynamic-beta0.999-z21_RL,0.0,0.09999999999999999,24.0
VAE-dynamic-beta1e-06-z8_Radius,0.0,0.09999999999999999,26.0
VAE-static-beta0.5-z21_RL,0.0,0.09999999999999999,0.31622776601683794
VAE-static-beta0.1-z13_RL,0.0,0.09999999999999999,0.39999999999999997
VAE-static-beta0.5-z5_RL,0.0,0.09999999999999999,0.5
VAE-static-beta0.1-z8_RL,0.0,0.09999999999999999,0.19999999999999998
VAE-dynamic-beta0.999-z8_RL,0.0,0.09999999999999999,23.0
VAE-static-beta0.5-z34_RL,0.0,0.09999999999999999,0.6
VAE-dynamic-beta0.001-z13_Radius,0.0,0.09999999999999999,23.0
VAE-dynamic-beta0.999-z34_RL,0.0,0.09999999999999999,22.0
VAE-dynamic-beta0.001-z8_Radius,0.0,0.09999999999999999,23.0
VAE-static-beta1-z5_RL,0.0,0.09999999999999999,28.000000000000004
VAE-dynamic-beta0.999-z5_RL,0.0,0.09999999999999999,23.0
VAE-dynamic-beta0.1-z8_Radius,0.0,0.09999999999999999,25.0
KDE_VAE_b=1e-1_D=6,0.0,0.08537988758292596,0.38022813688212925
KDE_VAE_b=1e-1_D=5,0.0,0.08334297281665703,0.5714285714285713
VAE-static-beta0.1-z5_RL,0.0,0.049999999999999996,0.19999999999999998
